-- phpMyAdmin SQL Dump
-- version 5.2.1
-- https://www.phpmyadmin.net/
--
-- Servidor: localhost:3306
-- Tiempo de generación: 30-09-2024 a las 01:52:56
-- Versión del servidor: 8.0.30
-- Versión de PHP: 8.1.10

SET SQL_MODE = "NO_AUTO_VALUE_ON_ZERO";
START TRANSACTION;
SET time_zone = "+00:00";


/*!40101 SET @OLD_CHARACTER_SET_CLIENT=@@CHARACTER_SET_CLIENT */;
/*!40101 SET @OLD_CHARACTER_SET_RESULTS=@@CHARACTER_SET_RESULTS */;
/*!40101 SET @OLD_COLLATION_CONNECTION=@@COLLATION_CONNECTION */;
/*!40101 SET NAMES utf8mb4 */;

--
-- Base de datos: `db_proyecto_asistencia`
--

-- --------------------------------------------------------

--
-- Estructura de tabla para la tabla `actividad`
--

CREATE TABLE `actividad` (
  `ID` int NOT NULL,
  `TipoActividad` varchar(255) DEFAULT NULL
) ENGINE=InnoDB DEFAULT CHARSET=utf8mb4 COLLATE=utf8mb4_0900_ai_ci;

--
-- Volcado de datos para la tabla `actividad`
--

INSERT INTO `actividad` (`ID`, `TipoActividad`) VALUES
(1, 'Clase Teórica'),
(2, 'Clase Práctica'),
(3, 'Taller'),
(4, 'Evaluación'),
(5, 'Asistencia de clase');

-- --------------------------------------------------------

--
-- Estructura de tabla para la tabla `administrador`
--

CREATE TABLE `administrador` (
  `AdminUser` varchar(255) CHARACTER SET utf8mb4 COLLATE utf8mb4_0900_ai_ci NOT NULL,
  `AdminPass` varchar(255) CHARACTER SET utf8mb4 COLLATE utf8mb4_0900_ai_ci NOT NULL,
  `ID` int NOT NULL
) ENGINE=InnoDB DEFAULT CHARSET=utf8mb4 COLLATE=utf8mb4_0900_ai_ci;

--
-- Volcado de datos para la tabla `administrador`
--

INSERT INTO `administrador` (`AdminUser`, `AdminPass`, `ID`) VALUES
('12345', '$2a$10$3J.AamGTrvM3POYOqyz3MOYlIRah0iqc6wGBFbufaRZysnZoOgPl.', 4);

-- --------------------------------------------------------

--
-- Estructura de tabla para la tabla `ambientes`
--

CREATE TABLE `ambientes` (
  `ID` int NOT NULL,
  `Ambiente` varchar(250) DEFAULT NULL
) ENGINE=InnoDB DEFAULT CHARSET=utf8mb4 COLLATE=utf8mb4_0900_ai_ci;

--
-- Volcado de datos para la tabla `ambientes`
--

INSERT INTO `ambientes` (`ID`, `Ambiente`) VALUES
(1, 'Aula 101'),
(2, 'Laboratorio 202'),
(3, 'Taller 303');

-- --------------------------------------------------------

--
-- Estructura de tabla para la tabla `aprendiz`
--

CREATE TABLE `aprendiz` (
  `ID` int NOT NULL,
  `IDFicha` int NOT NULL,
  `IDPerfilUsuario` int NOT NULL
) ENGINE=InnoDB DEFAULT CHARSET=utf8mb4 COLLATE=utf8mb4_0900_ai_ci;

--
-- Volcado de datos para la tabla `aprendiz`
--

INSERT INTO `aprendiz` (`ID`, `IDFicha`, `IDPerfilUsuario`) VALUES
(2, 1, 2),
(3, 2, 5),
(4, 3, 7),
(5, 1, 8);

-- --------------------------------------------------------

--
-- Estructura de tabla para la tabla `areas`
--

CREATE TABLE `areas` (
  `ID` int NOT NULL,
  `Area` varchar(200) CHARACTER SET utf8mb4 COLLATE utf8mb4_0900_ai_ci NOT NULL
) ENGINE=InnoDB DEFAULT CHARSET=utf8mb4 COLLATE=utf8mb4_0900_ai_ci;

--
-- Volcado de datos para la tabla `areas`
--

INSERT INTO `areas` (`ID`, `Area`) VALUES
(3, 'Administración'),
(1, 'Desarrollo de Software'),
(4, 'Industria'),
(2, 'Salud');

-- --------------------------------------------------------

--
-- Estructura de tabla para la tabla `asistencia`
--

CREATE TABLE `asistencia` (
  `ID` int NOT NULL,
  `AsistenciaExcel` blob
) ENGINE=InnoDB DEFAULT CHARSET=utf8mb4 COLLATE=utf8mb4_0900_ai_ci;

--
-- Volcado de datos para la tabla `asistencia`
--

INSERT INTO `asistencia` (`ID`, `AsistenciaExcel`) VALUES
(14, 0x504b03041400080808002b093959000000000000000000000000130000005b436f6e74656e745f54797065735d2e786d6cb553cb6ec23010fc95c8d72a36f450551581431fc716a9f4035c7b9358f825afa1f0f75d07389452890a71f26366676657f664b671b65a4342137cc3c67cc42af02a68e3bb867d2c5eea7b5661965e4b1b3c34cc07369b4e16db085851a9c786f539c7072150f5e024f210c113d286e464a663ea44946a293b10b7a3d19d50c167f0b9ce45834d274fd0ca95cdd5e3eebe48374cc6688d92995289b5d747a2f55e9027b003077b13f18608ac7ade90caae1b429189331c8e0bcb99eade682ec968f857b4d0b646810e6ae5a8844351d5a0eb988898b2817dceb94cf9553a1214449e138a82a4f925de87b1a890e02cc342bcc8f1a85b8c09a4c61e203bcbb19709f47b4ef4987e87d858f18370c51c796b4f4ca10418906b4e8056eea4f1a7dcbf425a7e86b0bc9e7f7118f67fd90f208a61191f7288e17b4fbf01504b07087a94ca713b0100001c040000504b03041400080808002b0939590000000000000000000000000b0000005f72656c732f2e72656c73ad92c16ac3300c865fc5e8de38ed608c51b79732e86d8cee01345b494c62cbd8da96bdfdcc2e5b4b0a1bec28247dff07d2763f8749bd512e9ea38175d382a268d9f9d81b783e3dacee4015c1e870e2480622c37eb77da209a56e94c1a7a22a2216038348bad7bad88102968613c5dae93807945ae65e27b423f6a4376d7babf34f069c33d5d119c847b70675c2dc93189827fdce797c611e9b8aad8d8f44bf09e5aef3960e6c5f034559c8be9800bdecb2f976716c1f33d74d4ce9bf6568168a8edc2ad504cae2a95c33ba5930b29ce96f4ad78fa203093a14fca25e08e9b31fd87d02504b0708a78c7abde300000049020000504b03041400080808002b09395900000000000000000000000010000000646f6350726f70732f6170702e786d6c4d8ec10ac2301044ef82ff10726fb77a109134a52082277bd00f08e9d6069a4d4856e9e79b937a9c19e6f154b7fa45bc316517a895bbba9102c986d1d1b3958ffba53aca4e6f376a4821626287599407e556ceccf10490ed8cdee4bacc549629246fb8c4f484304dcee239d8974762d837cd017065a411c72a7e8152ab3ec6c559c34542f7d114a4186e5705ffbd829f83fe00504b0708366e832193000000b8000000504b03041400080808002b09395900000000000000000000000011000000646f6350726f70732f636f72652e786d6c6d905d4bc3301486ff4ac87d9b34d3e142db21ca40501c5899781792635b6c3e48a29dffdeb4ce0aea5d92f7390f276fb93dea01bd830fbd35152e728a111869556fda0a3f36bbec02a310855162b0062a6c2cded6a5745c5a0f7b6f1df8d8434049630297aec25d8c8e131264075a843c1126852fd66b11d3d5b7c409f92a5a208cd235d110851251904998b9c5884f4a2517a57bf3c32c5092c0001a4c0ca4c80bf2c346f03afc3b30270b790cfd428de3988fab994b1b15e4e9eef6615e3eebcdf47509b82e4f6a2e3d88080a25018f1f2e35f29d1c5657d7cd0ed78cb2b38c6e3276ded035a71bced873497ecd4fc2afb3f5f5652aa403b4bfbf99b8e5b9247f6aae3f01504b07082d3acb8c06010000b0010000504b03041400080808002b09395900000000000000000000000014000000786c2f736861726564537472696e67732e786d6c7554db72d330107d67867fd098e7d497d626f1382e69322965482743c3076ce54d22461723c9a1f0373ce681a77c827f0c39493b6081dfb47bf6ec9ea3958beb27c1c90eb5614a8e83f8220a084aaa2a2637e3e0f36a3e1806d7e5eb5785319650d5483b0e9261401ac9be36383d07b280381a69c6c1d6da3a0f4343b728c05ca81aa5cbac951660dd516f42536b84ca6c11ade0611245592880c9a02c0c2b0b5b4e0c33d68dc08054482807834568cb22ecd227c852ab8d0671041ca9296b0f322713099cb972f29dccd080d68a73d5811ed4da7e03ed11cd19dd424e926c94a549dccfdeb31df27e8f1552d91eb8daa83efc012bccc914a5d5c7a6f3972ab2d4cc09aa81f76beea4b1baa156e99c2c40b7bf80dcb607813ffac069e7c333a572733c7b706a70d3fe348c82a70f4ffaa2e46a108d06494aa2388f467992f4916ffa8199a28d705a3c99f74a3cfa4eae90b7fbb5921e7caab4462f7adbee256a2ffc090dab8e77dfcfbc571a4ce7ea9d849705e983e2e8fc7957f9a101770bed5efbce5efeb7089f40d41cdf6ddc7ef20baa441fb000431bce7cd133ac415b38fad70dbdd40d3e021990857b376e11d8dfd11bb7aa7f867c5da3b7d1284bd2d4d385cc1825c91cb5045929f211dd69b263dc23b98cb36112a7717ad5cf7c3991accf1cdc5140c7f02fe1a1fb0f94bf01504b070872bfd23cf001000035040000504b03041400080808002b0939590000000000000000000000000d000000786c2f7374796c65732e786d6cdd96cb6edb301045f705fa0f04f78d64e751a3901414011c649d14c896164712513e04920ea47c7d87a2e438406da7aebae9c61c5ecf1c5e0f3884b3db4e49f202d609a373bab84829015d1a2e749dd31f4feb2f2b7a5b7cfe9439df4b786c003cc10aed72da78df7e4b125736a098bb302d68fca63256318f5b5b27aeb5c0b80b454a26cb34bd4914139a1699deaab5f28e9466ab7d4e539a145965f49b7249a35064ee95bc3089d682374c2b8d349608cda1039ed355d0345310b3ee98141b2b061e5342f6515e0661703ae629a18d0d62124f899fbfe5ec0c2ca3814ddc7abb853f045c1d030c8b43909072d786158d4291b5cc7bb07a8d1b32c64f7d0b39d5468f9821ef443667f6e7bd65fdc72b063e66d577ef1b7f35f434d9abfb28d11929f8bcc84326afe737793ef290c9453abbc923c861c17bb63196e3d84f376d4127a9c824541ecbada89bb07ad3865b6bbc370a032e586d3493e180a9620c105b82948fe1ad78aedeb1bb8ac4a17fe061de49b8ed538886c63062e226f0f76991bd8f4dcfe292aeda1d70a87a71ba9ab0b695fdda0427d3281fc22dcfc045e1bb14b556b0538b8c4d0a698c15af58101e931205880f5a57fd5557fef5b997c71b8059a7fbb987bb9e17f7755edcfff3639371f8307afb2b50fc02504b0708eefa7e90db0100003f080000504b03041400080808002b0939590000000000000000000000000f000000786c2f776f726b626f6f6b2e786d6c8d90414fc3300c85ef48fc87c87796141082aae984849076e33076f712778dd624551c367e3e69a70e8e9caca7f7f9f9c9cdfadb0fe244895d0c1aaa950241c144ebc241c3e7f6fdee19d6eded4d738ee9b88ff1280a1f58439ff3584bc9a6278fbc8a2385e2743179cc45a683e431115aee89b21fe4bd524fd2a30b7049a8d37f3262d739436fd17c790af9129268c05cda72ef4686f6daec23098b99aa17f5a8a1c3810964db4cceced1997fc1490a34d99d688b7b0d6ae2e41f70eebc4c11d0938657769ccb671c8248b5b31ad2c63e8098994d91d59cb2accae558fb03504b0708b3cdf9fbdf00000062010000504b03041400080808002b0939590000000000000000000000001a000000786c2f5f72656c732f776f726b626f6f6b2e786d6c2e72656c73ad914d6bc3300c40ff8ad17d71d2c118a36e2f63d0ebd6fd00632b716822194bfbe8bf9fbbc3d640073bf4248cf07b0fb4de7ece9379c722239383ae69c120058e230d0e5ef74f37f760443d453f31a10362d86ed6cf3879ad3f248d594c45903848aaf9c15a0909672f0d67a4bae9b9cc5eebb30c36fb70f003da55dbded972ce8025d3eca283b28b1d98bd2f03aa0349be607cd152cba4a9e0ba3a66fc8f96fb7e0cf8c8e16d46d20b76bb8083bd1cb33a8bd1e384d7aff8a6fea5bffdd57f70394842d453791dddb54b7e04a718bbb8f6e60b504b070886033b91d400000033020000504b03041400080808002b09395900000000000000000000000018000000786c2f776f726b7368656574732f7368656574312e786d6c9d965f6f9b3014c5df27ed3b58bc0f8c014310a1eada65eca1d2b4bfcf24711254c011769a7efc19c31c826fa5650f4df1cdf91ddbc7974076f7dad4e88575a2e2edd2f15dec20d66ef8b66af74be7e78fd587c4b9cbdfbfcbcebc7b1607c62452402b96ce41ca63ea796273604d295c7e64adfa66c7bba6946ad8ed3d71ec58b9d550537b0463ea3565d53a79b6ad1ad6f633a28eed96cebd9f163e71bc3cd3e25f153b8bc935eae75e73fedc0fbe6c978e5aa32cd7df59cd3692a9b1ec4eaca73d0b5fe9e57cedd096edca532dbff173c1aafd41aaad466aaf0adaf05ae84fd4547d020e6aca57fdff5c6de561e9103708833872d0e624246f7e0f553d275a33215795bc2cc1f890d187181f9fb8894f434cc9ad5ec1e8155cd6445d9c448bdb97158e56e174597e72b34f34fa44c627085d4ae305bddd8b8e5ef4b226ec9290e2ffd85f3c7ac5c68b6237268446b7c79e8c5ec92576e2922858fcfb117a4377e95e7c2c6599671d3fa3ae6f2f35517f71af1a4d01c241a26f963c7bc971e6bdf4a8fa536a83108390091268c48791c02081851018090d125a4800239141220b0961841a845a480423b141620ba130921824b190184616fda9fd3d237c39243c31f0b541620cb4e42320595c4b1e00898faf358f90c6bfd67c8234e45ab38234c1b5e633a409af3505a479e384fc49530f5ddd6a0a0f948be7894d5b7f14d1796480269e4706689279648066318fccd6103c8f0cd0f8f3c8a69ba7434fbb6fdcd4fee5aef6899519b13323f6fc649e19a009e699019a709e19a089e699011a2b3340636536dd7c6235cc909937f91d6d58b7670facae05daf0532b07ca54272f16fd1d3daf93b420503d488b00aa87691142f5282d22a84ed38242f5382d62a89ea445a29f17976de5d9b1dcb3a7b2db57ad406b2ed5c346c5e7f68fc41de79275fd48fdae1fd44b9619d46c27b5ca41ddf09ea3af253f8e6c3f897997cbff00504b0708cc9fc1fac1020000ff090000504b010214001400080808002b0939597a94ca713b0100001c0400001300000000000000000000000000000000005b436f6e74656e745f54797065735d2e786d6c504b010214001400080808002b093959a78c7abde3000000490200000b000000000000000000000000007c0100005f72656c732f2e72656c73504b010214001400080808002b093959366e832193000000b8000000100000000000000000000000000098020000646f6350726f70732f6170702e786d6c504b010214001400080808002b0939592d3acb8c06010000b0010000110000000000000000000000000069030000646f6350726f70732f636f72652e786d6c504b010214001400080808002b09395972bfd23cf0010000350400001400000000000000000000000000ae040000786c2f736861726564537472696e67732e786d6c504b010214001400080808002b093959eefa7e90db0100003f0800000d00000000000000000000000000e0060000786c2f7374796c65732e786d6c504b010214001400080808002b093959b3cdf9fbdf000000620100000f00000000000000000000000000f6080000786c2f776f726b626f6f6b2e786d6c504b010214001400080808002b09395986033b91d4000000330200001a00000000000000000000000000120a0000786c2f5f72656c732f776f726b626f6f6b2e786d6c2e72656c73504b010214001400080808002b093959cc9fc1fac1020000ff09000018000000000000000000000000002e0b0000786c2f776f726b7368656574732f7368656574312e786d6c504b050600000000090009003f020000350e00000000),
(16, 0x504b0304140008080800e2093959000000000000000000000000130000005b436f6e74656e745f54797065735d2e786d6cb553cb6ec23010fc95c8d72a36f450551581431fc716a9f4035c7b9358f825afa1f0f75d07389452890a71f26366676657f664b671b65a4342137cc3c67cc42af02a68e3bb867d2c5eea7b5661965e4b1b3c34cc07369b4e16db085851a9c786f539c7072150f5e024f210c113d286e464a663ea44946a293b10b7a3d19d50c167f0b9ce45834d274fd0ca95cdd5e3eebe48374cc6688d92995289b5d747a2f55e9027b003077b13f18608ac7ade90caae1b429189331c8e0bcb99eade682ec968f857b4d0b646810e6ae5a8844351d5a0eb988898b2817dceb94cf9553a1214449e138a82a4f925de87b1a890e02cc342bcc8f1a85b8c09a4c61e203bcbb19709f47b4ef4987e87d858f18370c51c796b4f4ca10418906b4e8056eea4f1a7dcbf425a7e86b0bc9e7f7118f67fd90f208a61191f7288e17b4fbf01504b07087a94ca713b0100001c040000504b0304140008080800e20939590000000000000000000000000b0000005f72656c732f2e72656c73ad92c16ac3300c865fc5e8de38ed608c51b79732e86d8cee01345b494c62cbd8da96bdfdcc2e5b4b0a1bec28247dff07d2763f8749bd512e9ea38175d382a268d9f9d81b783e3dacee4015c1e870e2480622c37eb77da209a56e94c1a7a22a2216038348bad7bad88102968613c5dae93807945ae65e27b423f6a4376d7babf34f069c33d5d119c847b70675c2dc93189827fdce797c611e9b8aad8d8f44bf09e5aef3960e6c5f034559c8be9800bdecb2f976716c1f33d74d4ce9bf6568168a8edc2ad504cae2a95c33ba5930b29ce96f4ad78fa203093a14fca25e08e9b31fd87d02504b0708a78c7abde300000049020000504b0304140008080800e209395900000000000000000000000010000000646f6350726f70732f6170702e786d6c4d8ec10ac2301044ef82ff10726fb77a109134a52082277bd00f08e9d6069a4d4856e9e79b937a9c19e6f154b7fa45bc316517a895bbba9102c986d1d1b3958ffba53aca4e6f376a4821626287599407e556ceccf10490ed8cdee4bacc549629246fb8c4f484304dcee239d8974762d837cd017065a411c72a7e8152ab3ec6c559c34542f7d114a4186e5705ffbd829f83fe00504b0708366e832193000000b8000000504b0304140008080800e209395900000000000000000000000011000000646f6350726f70732f636f72652e786d6c6d90db4ac43014457f25e4bd3d69e78286b683280382e28015c5b7901edb6273218976fc7bd33a5650df92ec751627bbd81dd540ded1f9dee8926629a304b5344dafdb923ed4fbe48c121f846ec4603496541bbaab0a69b9340e0fce5874a1474fa2467b2e6d49bb102c07f0b243257c1a091dc317e39408f1ea5ab042be8a1621676c0b0a83684410300913bb18e949d9c84569dfdc300b1a0938a0421d3c6469063f6c40a7fcbf0373b29047df2fd4388ee9b89ab9b851064fb737f7f3f249afa7af4ba455715273e950046c4814f0f0616323dfc9e3eaf2aaded32a67f93a61e749bea9d996671bced6cf05fc9a9f845f67e3aa8b584887e470773d71cb73017f6aae3e01504b0708f64e21a406010000b0010000504b0304140008080800e209395900000000000000000000000014000000786c2f736861726564537472696e67732e786d6c7554db72d330107d67867fd098e7d497d626f1382e69322965482743c3076ce54d22461723c9a1f0373ce681a77c827f0c39493b6081dfb47bf6acced9958beb27c1c90eb5614a8e83f8220a084aaa2a2637e3e0f36a3e1806d7e5eb5785319650d5483b0e9261401ac9be36383d07b280381a69c6c1d6da3a0f4343b728c05ca81aa5cbac951660dd516f42536b84ca6c11ade0611245592880c9a02c0c2b0b5b4e0c33d65d8101a990500e068bd09645d8a54f90a5561b0de208385253d61e644e26123873e5e43b99a101ad15e7aa033da8b5fd06da239a33ba859c24d9284b93b89fbd673be4fd1e2ba4b23d70b5517df803569893294aab8f4de72f5564a999135403efd7dc49637543add23959806e7f01b96d0f027ff481d3ce87674ae5eef1ecc1a9c14dfbd3300a9e3e3ce98b92ab41341a242989e23c4ef3e8aa8f7cd30fcc146d84d3e2c9bc57e2d1777285bcddaf95f4e053a5357ad1db762f517be14f6858759c7d3ff35e69309dab77125e16a40f8aa3f3e78df243036e0aed5efbce5efeb7089f40d41cdf6ddc7ef20baa441fb000431bce7cd133ac415b38fad75d7aa91b7c0432200bf76edc22b0bfa3376e55ff0cf9ba466fa35196a4a9a70b99314a92396a09b252e423bad364c7b847721967c3244ee3d49bfd9713c9faccc11d05740cff121ebaff40f91b504b0708c210c5b1ef01000035040000504b0304140008080800e20939590000000000000000000000000d000000786c2f7374796c65732e786d6cdd96cb6edb301045f705fa0f04f78d64e751a3901414011c649d14c896164712513e04920ea47c7d87a2e438406da7aebae9c61c5ecf1c5e0f3884b3db4e49f202d609a373bab84829015d1a2e749dd31f4feb2f2b7a5b7cfe9439df4b786c003cc10aed72da78df7e4b125736a098bb302d68fca63256318f5b5b27aeb5c0b80b454a26cb34bd4914139a1699deaab5f28e9466ab7d4e539a145965f49b7249a35064ee95bc3089d682374c2b8d349608cda1039ed355d0345310b3ee98141b2b061e5342f6515e0661703ae629a18d0d62124f899fbfe5ec0c2ca3814ddc7abb853f045c1d030c8b43909072d786158d4291b5cc7bb07a8d1b32c64f7d0b39d5468f9821ef443667f6e7bd65fdc72b063e66d577ef1b7f35f434d9abfb28d11929f8bcc84326afe737793ef290c9453abbc923c861c17bb63196e3d84f376d4127a9c824541ecbada89bb07ad3865b6bbc370a032e586d3493e180a9620c105b82948fe1ad78aedeb1bb8ac4a17fe061de49b8ed538886c63062e226f0f76991bd8f4dcfe292aeda1d70a87a71ba9ab0b695fdda0427d3281fc22dcfc045e1bb14b556b0538b8c4d0a698c15af58101e931205880f5a57fd5557fef5b997c71b8059a7fbb987bb9e17f7755edcfff3639371f8307afb2b50fc02504b0708eefa7e90db0100003f080000504b0304140008080800e20939590000000000000000000000000f000000786c2f776f726b626f6f6b2e786d6c8d90414fc3300c85ef48fc87c87796141082aae984849076e33076f712778dd624551c367e3e69a70e8e9caca7f7f9f9c9cdfadb0fe244895d0c1aaa950241c144ebc241c3e7f6fdee19d6eded4d738ee9b88ff1280a1f58439ff3584bc9a6278fbc8a2385e2743179cc45a683e431115aee89b21fe4bd524fd2a30b7049a8d37f3262d739436fd17c790af9129268c05cda72ef4686f6daec23098b99aa17f5a8a1c3810964db4cceced1997fc1490a34d99d688b7b0d6ae2e41f70eebc4c11d0938657769ccb671c8248b5b31ad2c63e8098994d91d59cb2accae558fb03504b0708b3cdf9fbdf00000062010000504b0304140008080800e20939590000000000000000000000001a000000786c2f5f72656c732f776f726b626f6f6b2e786d6c2e72656c73ad914d6bc3300c40ff8ad17d71d2c118a36e2f63d0ebd6fd00632b716822194bfbe8bf9fbbc3d640073bf4248cf07b0fb4de7ece9379c722239383ae69c120058e230d0e5ef74f37f760443d453f31a10362d86ed6cf3879ad3f248d594c45903848aaf9c15a0909672f0d67a4bae9b9cc5eebb30c36fb70f003da55dbded972ce8025d3eca283b28b1d98bd2f03aa0349be607cd152cba4a9e0ba3a66fc8f96fb7e0cf8c8e16d46d20b76bb8083bd1cb33a8bd1e384d7aff8a6fea5bffdd57f70394842d453791dddb54b7e04a718bbb8f6e60b504b070886033b91d400000033020000504b0304140008080800e209395900000000000000000000000018000000786c2f776f726b7368656574732f7368656574312e786d6c9d965f6f9b3014c5df27ed3b58bc0f8c014310a1eada65eca1d2b4bfcf24711254c011769a7efc19c31c826fa5650f4df1cdf91ddbc7974076f7dad4e88575a2e2edd2f15dec20d66ef8b66af74be7e78fd587c4b9cbdfbfcbcebc7b1607c62452402b96ce41ca63ea796273604d295c7e64adfa66c7bba6946ad8ed3d71ec58b9d550537b0463ea3565d53a79b6ad1ad6f633a28eed96cebd9f163e71bc3cd3e25f153b8bc935eae75e73fedc0fbe6c978e5aa32cd7df59cd3692a9b1ec4eaca73d0b5fe9e57cedd096edca532dbff173c1aafd41aaad466aaf0adaf05ae84fd4547d020e6aca57fdff5c6de561e9103708833872d0e624246f7e0f553d275a33215795bc2cc1f890d187181f9fb8894f434cc9ad5ec1e8155cd6445d9c448bdb97158e56e174597e72b34f34fa44c627085d4ae305bddd8b8e5ef4b226ec9290e2ffd85f3c7ac5c68b6237268446b7c79e8c5ec92576e2922858fcfb117a4377e95e7c2c6599671d3fa3ae6f2f35517f71af1a4d01c241a26f963c7bc971e6bdf4a8fa536a83108390091268c48791c02081851018090d125a4800239141220b0961841a845a480423b141620ba130921824b190184616fda9fd3d237c39243c31f0b541620cb4e42320595c4b1e00898faf358f90c6bfd67c8234e45ab38234c1b5e633a409af3505a479e384fc49530f5ddd6a0a0f948be7894d5b7f14d1796480269e4706689279648066318fccd6103c8f0cd0f8f3c8a69ba7434fbb6fdcd4fee5aef6899519b13323f6fc649e19a009e699019a709e19a089e699011a2b3340636536dd7c6235cc909937f91d6d58b7670facae05daf0532b07ca54272f16fd1d3daf93b420503d488b00aa87691142f5282d22a84ed38242f5382d62a89ea445a29f17976de5d9b1dcb3a7b2db57ad406b2ed5c346c5e7f68fc41de79275fd48fdae1fd44b9619d46c27b5ca41ddf09ea3af253f8e6c3f897997cbff00504b0708cc9fc1fac1020000ff090000504b01021400140008080800e20939597a94ca713b0100001c0400001300000000000000000000000000000000005b436f6e74656e745f54797065735d2e786d6c504b01021400140008080800e2093959a78c7abde3000000490200000b000000000000000000000000007c0100005f72656c732f2e72656c73504b01021400140008080800e2093959366e832193000000b8000000100000000000000000000000000098020000646f6350726f70732f6170702e786d6c504b01021400140008080800e2093959f64e21a406010000b0010000110000000000000000000000000069030000646f6350726f70732f636f72652e786d6c504b01021400140008080800e2093959c210c5b1ef010000350400001400000000000000000000000000ae040000786c2f736861726564537472696e67732e786d6c504b01021400140008080800e2093959eefa7e90db0100003f0800000d00000000000000000000000000df060000786c2f7374796c65732e786d6c504b01021400140008080800e2093959b3cdf9fbdf000000620100000f00000000000000000000000000f5080000786c2f776f726b626f6f6b2e786d6c504b01021400140008080800e209395986033b91d4000000330200001a00000000000000000000000000110a0000786c2f5f72656c732f776f726b626f6f6b2e786d6c2e72656c73504b01021400140008080800e2093959cc9fc1fac1020000ff09000018000000000000000000000000002d0b0000786c2f776f726b7368656574732f7368656574312e786d6c504b050600000000090009003f020000340e00000000),
(17, 0x504b0304140008080800326a3c59000000000000000000000000130000005b436f6e74656e745f54797065735d2e786d6cb553cb6ec23010fc95c8d72a36f450551581431fc716a9f4035c7b9358f825afa1f0f75d07389452890a71f26366676657f664b671b65a4342137cc3c67cc42af02a68e3bb867d2c5eea7b5661965e4b1b3c34cc07369b4e16db085851a9c786f539c7072150f5e024f210c113d286e464a663ea44946a293b10b7a3d19d50c167f0b9ce45834d274fd0ca95cdd5e3eebe48374cc6688d92995289b5d747a2f55e9027b003077b13f18608ac7ade90caae1b429189331c8e0bcb99eade682ec968f857b4d0b646810e6ae5a8844351d5a0eb988898b2817dceb94cf9553a1214449e138a82a4f925de87b1a890e02cc342bcc8f1a85b8c09a4c61e203bcbb19709f47b4ef4987e87d858f18370c51c796b4f4ca10418906b4e8056eea4f1a7dcbf425a7e86b0bc9e7f7118f67fd90f208a61191f7288e17b4fbf01504b07087a94ca713b0100001c040000504b0304140008080800326a3c590000000000000000000000000b0000005f72656c732f2e72656c73ad92c16ac3300c865fc5e8de38ed608c51b79732e86d8cee01345b494c62cbd8da96bdfdcc2e5b4b0a1bec28247dff07d2763f8749bd512e9ea38175d382a268d9f9d81b783e3dacee4015c1e870e2480622c37eb77da209a56e94c1a7a22a2216038348bad7bad88102968613c5dae93807945ae65e27b423f6a4376d7babf34f069c33d5d119c847b70675c2dc93189827fdce797c611e9b8aad8d8f44bf09e5aef3960e6c5f034559c8be9800bdecb2f976716c1f33d74d4ce9bf6568168a8edc2ad504cae2a95c33ba5930b29ce96f4ad78fa203093a14fca25e08e9b31fd87d02504b0708a78c7abde300000049020000504b0304140008080800326a3c5900000000000000000000000010000000646f6350726f70732f6170702e786d6c4d8ec10ac2301044ef82ff10726fb77a109134a52082277bd00f08e9d6069a4d4856e9e79b937a9c19e6f154b7fa45bc316517a895bbba9102c986d1d1b3958ffba53aca4e6f376a4821626287599407e556ceccf10490ed8cdee4bacc549629246fb8c4f484304dcee239d8974762d837cd017065a411c72a7e8152ab3ec6c559c34542f7d114a4186e5705ffbd829f83fe00504b0708366e832193000000b8000000504b0304140008080800326a3c5900000000000000000000000011000000646f6350726f70732f636f72652e786d6c6d90db4ac43014457f25e4bd4dd3ca5843db4194014171c0ca886f2139b6c5e64212edf8f7a675aca0be25d9eb2c4e76b53daa11bd83f383d135a66986116861e4a0bb1a3fb6bba4c4c807ae251f8d861a6b83b74d252c13c6c1de190b2e0ce051d468cf84ad711f82658478d183e23e8d848ee18b718a8778751db15cbcf20e489e651ba22070c90327b330b1ab119f9452ac4afbe6c6452005811114e8e0094d29f9610338e5ff1d5892953cfa61a5a6694aa762e1e246943cdddd3e2ccb27839ebf2e0037d549cd84031e40a22860e1c3c646be93437175ddee709367f959925d2479d9d292d173566c9e2bf26b7e167e9d8d6b2e63213da0fdfdcdccadcf15f95373f309504b0708b86ae61c06010000b0010000504b0304140008080800326a3c5900000000000000000000000014000000786c2f736861726564537472696e67732e786d6c7d54db6edb300c7d1fb07f10bce7c4d7dc8c246d97225b87b508d6ee03589b7114c8a227c94dd73fca733f213f3639e98a554267f845e4e1210f49697af6580bf6804a7392b320ee4701435950c965350b7ede2d7be3e06cfef1c3546bc30a6aa5990599c5b492ff6a717132a4c380591aa967c1c698260f435d6cb006dda706a5f5ac49d560ec5155a16e1442a93788a616611245c3b0062e83f954f3f9d4cc2f34d7c696c08195c80a011aa7a1994fc3ce7d82ac14550aea23e0485df0c3b3ccd98504c16d38fbcd2e518352240475a05b5a9b1d288f68c98b0de42c194e86832476bd37fc01859be30e0b79781654910bbfc51273b64069d431e9f2358aad14b7821a106ecc95d446b5852195b36f2d48b6b055f327600da076c18bae177f69a9d32b2a52dcd41c3c6178121625592f9af492318bd33c1ee5e9d0457e720d9754b4b515e1e9bba1fade6fe11d8ac37e4dd2832f4829f4ac5f0e7b89ca33ff40cdcbe3d05dcf5752a0bb765e4978dd0c1714472f9f37c363535787bdc227d795be1b848f503702cf2bbb98a25f50ed02ae4117ade0bee84b6c401938f6af2b7aa55abc07d663d7f6c2d80de06fad9fbb69ff63f2754d46d164980c069e2ee45a93644b54126449ec3bdad3c503171e491a0fc7493c880799ebd99e48d62f1cc25240c7f0bef01b62f75c822ddaf54493f1c85ea234f3366cdb8dc0a640edef54179325699ca4de0c68077cb345e2dbffd4938c47b14de987d7cabe1fa65b416fee593a48b3ee771dbc847657f1f2bc92403b5d6e64bff0852ed14ef7cde843fb36ceff00504b0708057249bb4502000049050000504b0304140008080800326a3c590000000000000000000000000d000000786c2f7374796c65732e786d6ced965d6bdb301486ef07fb0f42f7ab9cf46361d82ea390b1eb76b05bc53eb6c5241d2329c5eeaf9f64d9690a4dd2651eeca237d1d19b731ebd3a48c2e96da72479046305ea8c2e2e124a4017580a5d67f4c7c3fad38adee61f3fa4d6f512ee1b00477c85b6196d9c6bbf30668b0614b717d882f6ff546814777e6a6a665b03bcb4a14849b64c921ba6b8d0344ff556ad95b3a4c0ad76194d28cbd30af5b37249a390a7f6893c72e9ad056f3ead408986085d420765465741d35c41ccbae3526c8c18785c09d947791984c1e998a784461344165789bfaf72760696d1c0264e9dd9c21f02ae8e0186c17a909072d786158d429eb6dc39307aed27648c1ffa1632aa518f9821ef4476c9cdaf6f86f76faf18f83eabbe7bd9f8aba1a76cafeead448b5294f3220f99bc9edfe4f9c8432617c9ec268f2087c19fb30d9ad25ffbe9a42de824e5a984caf97223ea268c0edb706ad139543e2805af51731916982ac6c0630b90f23ebc153fab17ecae22f1d27f2fc37d27e1b44fa137348611132781bf4f8bec7deccd595cd255bb050e552f4e5713deb6b25f6370325de543b8e519b8287c95a2d60a766a9ef249210d1af1e40bc263527801e283d6557fd5957fbdeee5f106f8acd3fddcc35dcf8bfb3c2fee7db3ef9bfddf37cbc667d547cf1f79f96f504b0708f641a17de1010000190a0000504b0304140008080800326a3c590000000000000000000000000f000000786c2f776f726b626f6f6b2e786d6c8d90414fc3300c85ef48fc87c87796141082aae984849076e33076f712778dd624551c367e3e69a70e8e9caca7f7f9f9c9cdfadb0fe244895d0c1aaa950241c144ebc241c3e7f6fdee19d6eded4d738ee9b88ff1280a1f58439ff3584bc9a6278fbc8a2385e2743179cc45a683e431115aee89b21fe4bd524fd2a30b7049a8d37f3262d739436fd17c790af9129268c05cda72ef4686f6daec23098b99aa17f5a8a1c3810964db4cceced1997fc1490a34d99d688b7b0d6ae2e41f70eebc4c11d0938657769ccb671c8248b5b31ad2c63e8098994d91d59cb2accae558fb03504b0708b3cdf9fbdf00000062010000504b0304140008080800326a3c590000000000000000000000001a000000786c2f5f72656c732f776f726b626f6f6b2e786d6c2e72656c73ad914d6bc3300c40ff8ad17d71d2c118a36e2f63d0ebd6fd00632b716822194bfbe8bf9fbbc3d640073bf4248cf07b0fb4de7ece9379c722239383ae69c120058e230d0e5ef74f37f760443d453f31a10362d86ed6cf3879ad3f248d594c45903848aaf9c15a0909672f0d67a4bae9b9cc5eebb30c36fb70f003da55dbded972ce8025d3eca283b28b1d98bd2f03aa0349be607cd152cba4a9e0ba3a66fc8f96fb7e0cf8c8e16d46d20b76bb8083bd1cb33a8bd1e384d7aff8a6fea5bffdd57f70394842d453791dddb54b7e04a718bbb8f6e60b504b070886033b91d400000033020000504b0304140008080800326a3c5900000000000000000000000018000000786c2f776f726b7368656574732f7368656574312e786d6c9d975d6f9b301486ef27ed3f20ee07f8034310a1eada65ec62d2b4cf6b9238092ae0089ca63f7f863043ec536dd9455b7cfabcafedd7278993debdd495f3ccdbae14cdd2455ee03abcd9886dd9ec97ee8fefab77b17b97bd7d939e45fbd41d38978e1234ddd23d48794c7cbfdb1c785d749e38f246fd6727daba906ad8eefdeed8f2623b88eacac741c0fcba281b374bb765cd9b7e46a7e5bba57b8f921c51d7cfd201fe59f273377b76fab9d7423cf5834fdba5abd6288bf5375ef18de46a2cdb13efd5be255f0dcbf9d23a5bbe2b4e95fc2ace392ff707a9b61aaabd2ad14654ddf0dba9cb3e01d7a98b97e1efb9dccac3d2c51ea1240a5d6773eaa4a87f5daac39cce9a777255ca6909da078f3e58fb20ecc588d180e15bbdc8e845a635312f88c3c5edcba2a3159d2f0bc537fb84a34fa87d08f5188b16ec762f367ab1694d8147d17f7945a357a4bd58e04518b3f0f6d8e3d12b9e62c71e0ec9e2df8fd0bf74d7d08b8f852cb2b41567a7eddb4b4dd43fdcab465382ce75babe59b2f4390b52ffb997aa1f456b09d6123c939041826009d1126249302ca15a422d098125a196849684c212a625cc9284b024d292c8923058126b496c492258b2e84fedcf1905d3210533033418c4da6040de03c8e21a790010145c338f1083ae990f1083af9915c4906be623c4d06b268798574e08cd9afad2d5cda00a2e2a2f30139bb7fe083133328089ccc8002636230398851999cde0c08c0c609019d97cf3ecd2d3de2b2f6a34bdaa11b632c37666d89e1f9b99010c313303186a660630a19919c030333380b1329b6f3eb61ae63ab3e96d0d112b33626746ecf92333338089cdcc006661666633243033037cac3e03182bb3f9e611fe4ba34d6fec885aa1513b346a6f0499a1010c3643031862860630d40c0d604233349bb1439b6f1e85af84e6cf3eb16bdeeef903afaaced98853232ffda9abb32b6cffd961d6719263a84e929c40759ae414aa87491e427596e40caa47491e41f538c9e3e166326d2b4b8fc59e7f2eda7dd974ce5a4875ad51f979fde56b2784e46d3f52cd7650d7793da8f84e0e94ebb4971bf5f02cc571d4f693e86f0dd96f504b0708ab29583214030000690c0000504b01021400140008080800326a3c597a94ca713b0100001c0400001300000000000000000000000000000000005b436f6e74656e745f54797065735d2e786d6c504b01021400140008080800326a3c59a78c7abde3000000490200000b000000000000000000000000007c0100005f72656c732f2e72656c73504b01021400140008080800326a3c59366e832193000000b8000000100000000000000000000000000098020000646f6350726f70732f6170702e786d6c504b01021400140008080800326a3c59b86ae61c06010000b0010000110000000000000000000000000069030000646f6350726f70732f636f72652e786d6c504b01021400140008080800326a3c59057249bb45020000490500001400000000000000000000000000ae040000786c2f736861726564537472696e67732e786d6c504b01021400140008080800326a3c59f641a17de1010000190a00000d0000000000000000000000000035070000786c2f7374796c65732e786d6c504b01021400140008080800326a3c59b3cdf9fbdf000000620100000f0000000000000000000000000051090000786c2f776f726b626f6f6b2e786d6c504b01021400140008080800326a3c5986033b91d4000000330200001a000000000000000000000000006d0a0000786c2f5f72656c732f776f726b626f6f6b2e786d6c2e72656c73504b01021400140008080800326a3c59ab29583214030000690c00001800000000000000000000000000890b0000786c2f776f726b7368656574732f7368656574312e786d6c504b050600000000090009003f020000e30e00000000),
(18, 0x504b0304140008080800726a3c59000000000000000000000000130000005b436f6e74656e745f54797065735d2e786d6cb553cb6ec23010fc95c8d72a36f450551581431fc716a9f4035c7b9358f825afa1f0f75d07389452890a71f26366676657f664b671b65a4342137cc3c67cc42af02a68e3bb867d2c5eea7b5661965e4b1b3c34cc07369b4e16db085851a9c786f539c7072150f5e024f210c113d286e464a663ea44946a293b10b7a3d19d50c167f0b9ce45834d274fd0ca95cdd5e3eebe48374cc6688d92995289b5d747a2f55e9027b003077b13f18608ac7ade90caae1b429189331c8e0bcb99eade682ec968f857b4d0b646810e6ae5a8844351d5a0eb988898b2817dceb94cf9553a1214449e138a82a4f925de87b1a890e02cc342bcc8f1a85b8c09a4c61e203bcbb19709f47b4ef4987e87d858f18370c51c796b4f4ca10418906b4e8056eea4f1a7dcbf425a7e86b0bc9e7f7118f67fd90f208a61191f7288e17b4fbf01504b07087a94ca713b0100001c040000504b0304140008080800726a3c590000000000000000000000000b0000005f72656c732f2e72656c73ad92c16ac3300c865fc5e8de38ed608c51b79732e86d8cee01345b494c62cbd8da96bdfdcc2e5b4b0a1bec28247dff07d2763f8749bd512e9ea38175d382a268d9f9d81b783e3dacee4015c1e870e2480622c37eb77da209a56e94c1a7a22a2216038348bad7bad88102968613c5dae93807945ae65e27b423f6a4376d7babf34f069c33d5d119c847b70675c2dc93189827fdce797c611e9b8aad8d8f44bf09e5aef3960e6c5f034559c8be9800bdecb2f976716c1f33d74d4ce9bf6568168a8edc2ad504cae2a95c33ba5930b29ce96f4ad78fa203093a14fca25e08e9b31fd87d02504b0708a78c7abde300000049020000504b0304140008080800726a3c5900000000000000000000000010000000646f6350726f70732f6170702e786d6c4d8ec10ac2301044ef82ff10726fb77a109134a52082277bd00f08e9d6069a4d4856e9e79b937a9c19e6f154b7fa45bc316517a895bbba9102c986d1d1b3958ffba53aca4e6f376a4821626287599407e556ceccf10490ed8cdee4bacc549629246fb8c4f484304dcee239d8974762d837cd017065a411c72a7e8152ab3ec6c559c34542f7d114a4186e5705ffbd829f83fe00504b0708366e832193000000b8000000504b0304140008080800726a3c5900000000000000000000000011000000646f6350726f70732f636f72652e786d6c6d905d4bc3301486ff4ac87d9ba695d185b6439481a038b0e2f02e24c7b6d87c90443bffbd699d15d4bb24ef731e4ede6a7752237a07e707a36b4cd30c23d0c2c84177357e6cf74989910f5c4b3e1a0d35d606ef9a4a58268c838333165c18c0a3a8d19e095be33e04cb08f1a207c57d1a091dc317e3140ff1ea3a62b978e51d903ccb364441e092074e66616257233e2ba55895f6cd8d8b400a022328d0c1139a52f2c30670caff3bb0242b79f2c34a4dd3944ec5c2c58d2839dedd3e2ccb27839ebf2e0037d559cd84031e40a22860e1c3c646be93a7e2eabadde326cff28b24db2679d9d292d12d2b36cf15f9353f0bbfcec63597b1901ed0e1fe66e6d6e78afca9b9f904504b070889bc63fc06010000b0010000504b0304140008080800726a3c5900000000000000000000000014000000786c2f736861726564537472696e67732e786d6c7d545d6edb300c7e1fb03b08de73e2dfb88991a4ed5264ebb016c1da1d80b51947812c7a92dc74bd519f7b845c6c72d215ab84cef08bc88f1ff99194a6a70f8d60f7a83427390be26114309425555cd6b3e0e7ed72300e4ee71f3f4cb536aca44e9a5990594c27f9af0e1747439a07ccd2483d0b36c6b44518ea72830de821b528ad674daa01638faa0e75ab102abd41348d089328cac306b80ce653cde753333fd75c1b5b020756212b05689c86663e0d7bf711b252542b680e800375c9f7cfb260e71204b7e1ec37bb400d4a9110d4836e686d76a03ca2252f3750b0249fe4a32476bdd7fc1e859be3164bb97f1654930bbfc10a0bb64069d421e9f2358aad14b7825a106ecca5d44675a52155b06f1d48b6b055f347602da076c18bbe177f69a9d72b6a52dc341c3c6178141625d9209a0c92318bd3229e1469ee223fb9860b2abbc68af0f45d5373e7b7f016c5fe694dd2832f4829f4ac5ff64f129567fe819a5787a1bb9eafa440f7edbc94f0ba192e288e5e3e6f8687a6aef64f0a1f5d57fa6e103e40d30a3cabed628a61498d0bb8025d7682fba22fb00565e0d0bfbee895eaf00ed8805dd90b633780bfb57eeea7fd8fc9d73539892679321a79ba906b4d922d51499015b1ef684fe7f75c7824699c8f9378148f32d7b33d92ac5f3884a5809ee17de1d7c4eeb8045bb4eb8926e3137b89d2ccdbb06d3f029b02b5bf537d4c96a471927a33a01df0cd16896fff534f323e896d4a3fbc51f6fd30fd0a7a73cfd2519af5bfebe01574bb9a5767b504dae96a2387a52f748976ba6f461fdab771fe07504b07084394cd5d4502000049050000504b0304140008080800726a3c590000000000000000000000000d000000786c2f7374796c65732e786d6ced965d6bdb301486ef07fb0f42f7ab9cf46361d82ea390b1eb76b05bc53eb6c5241d2329c5eeaf9f64d9690a4dd2651eeca237d1d19b731ebd3a48c2e96da72479046305ea8c2e2e124a4017580a5d67f4c7c3fad38adee61f3fa4d6f512ee1b00477c85b6196d9c6bbf30668b0614b717d882f6ff546814777e6a6a665b03bcb4a14849b64c921ba6b8d0344ff556ad95b3a4c0ad76194d28cbd30af5b37249a390a7f6893c72e9ad056f3ead408986085d420765465741d35c41ccbae3526c8c18785c09d947791984c1e998a784461344165789bfaf72760696d1c0264e9dd9c21f02ae8e0186c17a909072d786158d429eb6dc39307aed27648c1ffa1632aa518f9821ef4476c9cdaf6f86f76faf18f83eabbe7bd9f8aba1a76cafeead448b5294f3220f99bc9edfe4f9c8432617c9ec268f2087c19fb30d9ad25ffbe9a42de824e5a984caf97223ea268c0edb706ad139543e2805af51731916982ac6c0630b90f23ebc153fab17ecae22f1d27f2fc37d27e1b44fa137348611132781bf4f8bec7deccd595cd255bb050e552f4e5713deb6b25f6370325de543b8e519b8287c95a2d60a766a9ef249210d1af1e40bc263527801e283d6557fd5957fbdeee5f106f8acd3fddcc35dcf8bfb3c2fee7db3ef9bfddf37cbc667d547cf1f79f96f504b0708f641a17de1010000190a0000504b0304140008080800726a3c590000000000000000000000000f000000786c2f776f726b626f6f6b2e786d6c8d90414fc3300c85ef48fc87c87796141082aae984849076e33076f712778dd624551c367e3e69a70e8e9caca7f7f9f9c9cdfadb0fe244895d0c1aaa950241c144ebc241c3e7f6fdee19d6eded4d738ee9b88ff1280a1f58439ff3584bc9a6278fbc8a2385e2743179cc45a683e431115aee89b21fe4bd524fd2a30b7049a8d37f3262d739436fd17c790af9129268c05cda72ef4686f6daec23098b99aa17f5a8a1c3810964db4cceced1997fc1490a34d99d688b7b0d6ae2e41f70eebc4c11d0938657769ccb671c8248b5b31ad2c63e8098994d91d59cb2accae558fb03504b0708b3cdf9fbdf00000062010000504b0304140008080800726a3c590000000000000000000000001a000000786c2f5f72656c732f776f726b626f6f6b2e786d6c2e72656c73ad914d6bc3300c40ff8ad17d71d2c118a36e2f63d0ebd6fd00632b716822194bfbe8bf9fbbc3d640073bf4248cf07b0fb4de7ece9379c722239383ae69c120058e230d0e5ef74f37f760443d453f31a10362d86ed6cf3879ad3f248d594c45903848aaf9c15a0909672f0d67a4bae9b9cc5eebb30c36fb70f003da55dbded972ce8025d3eca283b28b1d98bd2f03aa0349be607cd152cba4a9e0ba3a66fc8f96fb7e0cf8c8e16d46d20b76bb8083bd1cb33a8bd1e384d7aff8a6fea5bffdd57f70394842d453791dddb54b7e04a718bbb8f6e60b504b070886033b91d400000033020000504b0304140008080800726a3c5900000000000000000000000018000000786c2f776f726b7368656574732f7368656574312e786d6c9d975d6f9b301486ef27ed3f20ee07f8034310a1eada65ec62d2b4cf6b9238092ae0089ca63f7f863043ec536dd9455b7cfabcafedd7278993debdd495f3ccdbae14cdd2455ee03abcd9886dd9ec97ee8fefab77b17b97bd7d939e45fbd41d38978e1234ddd23d48794c7cbfdb1c785d749e38f246fd6727daba906ad8eefdeed8f2623b88eacac741c0fcba281b374bb765cd9b7e46a7e5bba57b8f921c51d7cfd201fe59f273377b76fab9d7423cf5834fdba5abd6288bf5375ef18de46a2cdb13efd5be255f0dcbf9d23a5bbe2b4e95fc2ace392ff707a9b61aaabd2ad14654ddf0dba9cb3e01d7a98b97e1efb9dccac3d2c51ea1240a5d6773eaa4a87f5daac39cce9a777255ca6909da078f3e58fb20ecc588d180e15bbdc8e845a635312f88c3c5edcba2a3159d2f0bc537fb84a34fa87d08f5188b16ec762f367ab1694d8147d17f7945a357a4bd58e04518b3f0f6d8e3d12b9e62c71e0ec9e2df8fd0bf74d7d08b8f852cb2b41567a7eddb4b4dd43fdcab465382ce75babe59b2f4390b52ffb997aa1f456b09d6123c939041826009d1126249302ca15a422d098125a196849684c212a625cc9284b024d292c8923058126b496c492258b2e84fedcf1905d3210533033418c4da6040de03c8e21a790010145c338f1083ae990f1083af9915c4906be623c4d06b268798574e08cd9afad2d5cda00a2e2a2f30139bb7fe083133328089ccc8002636230398851999cde0c08c0c609019d97cf3ecd2d3de2b2f6a34bdaa11b632c37666d89e1f9b99010c313303186a660630a19919c030333380b1329b6f3eb61ae63ab3e96d0d112b33626746ecf92333338089cdcc006661666633243033037cac3e03182bb3f9e611fe4ba34d6fec885aa1513b346a6f0499a1010c3643031862860630d40c0d604233349bb1439b6f1e85af84e6cf3eb16bdeeef903afaaced98853232ffda9abb32b6cffd961d6719263a84e929c40759ae414aa87491e427596e40caa47491e41f538c9e3e166326d2b4b8fc59e7f2eda7dd974ce5a4875ad51f979fde56b2784e46d3f52cd7650d7793da8f84e0e94ebb4971bf5f02cc571d4f693e86f0dd96f504b0708ab29583214030000690c0000504b01021400140008080800726a3c597a94ca713b0100001c0400001300000000000000000000000000000000005b436f6e74656e745f54797065735d2e786d6c504b01021400140008080800726a3c59a78c7abde3000000490200000b000000000000000000000000007c0100005f72656c732f2e72656c73504b01021400140008080800726a3c59366e832193000000b8000000100000000000000000000000000098020000646f6350726f70732f6170702e786d6c504b01021400140008080800726a3c5989bc63fc06010000b0010000110000000000000000000000000069030000646f6350726f70732f636f72652e786d6c504b01021400140008080800726a3c594394cd5d45020000490500001400000000000000000000000000ae040000786c2f736861726564537472696e67732e786d6c504b01021400140008080800726a3c59f641a17de1010000190a00000d0000000000000000000000000035070000786c2f7374796c65732e786d6c504b01021400140008080800726a3c59b3cdf9fbdf000000620100000f0000000000000000000000000051090000786c2f776f726b626f6f6b2e786d6c504b01021400140008080800726a3c5986033b91d4000000330200001a000000000000000000000000006d0a0000786c2f5f72656c732f776f726b626f6f6b2e786d6c2e72656c73504b01021400140008080800726a3c59ab29583214030000690c00001800000000000000000000000000890b0000786c2f776f726b7368656574732f7368656574312e786d6c504b050600000000090009003f020000e30e00000000),
(19, 0x504b0304140008080800616b3c59000000000000000000000000130000005b436f6e74656e745f54797065735d2e786d6cb553cb6ec23010fc95c8d72a36f450551581431fc716a9f4035c7b9358f825afa1f0f75d07389452890a71f26366676657f664b671b65a4342137cc3c67cc42af02a68e3bb867d2c5eea7b5661965e4b1b3c34cc07369b4e16db085851a9c786f539c7072150f5e024f210c113d286e464a663ea44946a293b10b7a3d19d50c167f0b9ce45834d274fd0ca95cdd5e3eebe48374cc6688d92995289b5d747a2f55e9027b003077b13f18608ac7ade90caae1b429189331c8e0bcb99eade682ec968f857b4d0b646810e6ae5a8844351d5a0eb988898b2817dceb94cf9553a1214449e138a82a4f925de87b1a890e02cc342bcc8f1a85b8c09a4c61e203bcbb19709f47b4ef4987e87d858f18370c51c796b4f4ca10418906b4e8056eea4f1a7dcbf425a7e86b0bc9e7f7118f67fd90f208a61191f7288e17b4fbf01504b07087a94ca713b0100001c040000504b0304140008080800616b3c590000000000000000000000000b0000005f72656c732f2e72656c73ad92c16ac3300c865fc5e8de38ed608c51b79732e86d8cee01345b494c62cbd8da96bdfdcc2e5b4b0a1bec28247dff07d2763f8749bd512e9ea38175d382a268d9f9d81b783e3dacee4015c1e870e2480622c37eb77da209a56e94c1a7a22a2216038348bad7bad88102968613c5dae93807945ae65e27b423f6a4376d7babf34f069c33d5d119c847b70675c2dc93189827fdce797c611e9b8aad8d8f44bf09e5aef3960e6c5f034559c8be9800bdecb2f976716c1f33d74d4ce9bf6568168a8edc2ad504cae2a95c33ba5930b29ce96f4ad78fa203093a14fca25e08e9b31fd87d02504b0708a78c7abde300000049020000504b0304140008080800616b3c5900000000000000000000000010000000646f6350726f70732f6170702e786d6c4d8ec10ac2301044ef82ff10726fb77a109134a52082277bd00f08e9d6069a4d4856e9e79b937a9c19e6f154b7fa45bc316517a895bbba9102c986d1d1b3958ffba53aca4e6f376a4821626287599407e556ceccf10490ed8cdee4bacc549629246fb8c4f484304dcee239d8974762d837cd017065a411c72a7e8152ab3ec6c559c34542f7d114a4186e5705ffbd829f83fe00504b0708366e832193000000b8000000504b0304140008080800616b3c5900000000000000000000000011000000646f6350726f70732f636f72652e786d6c6d90db4ac43014457f25e4bd4d9a11ada1ed20ca80a0386045f12d24c7b6d85c48a21dffdeb48e15d4b7247b9dc5c9aeb6073da277f061b0a6c6454e310223ad1a4c57e3877697951885288c12a335506363f1b6a9a4e3d27ad87bebc0c701024a1a13b87435ee63749c90207bd022e48930297cb15e8b98aebe234ec857d10161949e120d512811059985995b8df8a8547255ba373f2e0225098ca0c1c4408abc203f6c04afc3bf034bb2928730acd4344df9b459b8b451419e6e6fee97e5b3c1cc5f97809beaa8e6d28388a05012f0f8e15223dfc9e3e6f2aadde186517692d1f38c956d517276c6297baec8aff959f875b6beb94885f480f677d733b73e57e44fcdcd27504b0708be34c2ce05010000b0010000504b0304140008080800616b3c5900000000000000000000000014000000786c2f736861726564537472696e67732e786d6c7d545d6edb300c7e1fb03b08de73e2df388991a4ed5264ebb016c1da1d80b51947852c7a92dc74bd519f7b845c6c72d215ab84cef08bc88f1ff9919466270f8d60f7a83427390fe26114309425555cd6f3e0e7cd6a30094e161f3fccb436aca44e9a7990594c27f9af0e9747439a07ccd2483d0fb6c6b44518ea728b0de821b528ad6743aa01638faa0e75ab102abd45348d089328cac306b80c1633cd1733b338d35c1b5b020756212b05689c8566310b7bf711b256542b680e800375c9f7cfb260671204b7e1ec373b470d4a9110d483ae696376a03ca2152fb750b0249fe6a32476bd57fc1e859be3064bb97f1654930bbfc60a0bb64469d421e9ea358aad15b7825a106ecc85d44675a52155b06f1d48b6b455f347602da076c1cbbe177f69a9d72b6a52dc341c3c6178141625d9209a0e92098bd322191751e2223fb986732abbc68af0f45d5173ebb7f006c5fe6943d2832f4929f4ac5ff64f129567fe819a5787a1bb9eafa440f7edbc90f0ba192e288e5e3e6f8687a6aef74f0a1f5d57fa6e103e40d30a3caded628a61498d0bb8045d7682fba2cfb10565e0d0bfbee8b5eaf016d8805dda0b633780bfb57eeea7fd8fc9d7351d47d33c198d3c5dc8b526c956a824c88ad877b4a7b37b2e3c9234ce27493c8a4799ebb93b926c5e3884a5809ee17de157c46eb9045bb4eb89a693b1bd4469967b59fa11d814a8fd9dea63b2248d93d49b01ed806fef90f8dd7fea4926e3d8a6f4c31b65df0fd3afa037f72c1da559ffbb0e5e41b7ab79755a4ba09daeb67258fa425768a7fb66f4a17d1b177f00504b07080716437f4502000049050000504b0304140008080800616b3c590000000000000000000000000d000000786c2f7374796c65732e786d6ced965d6bdb301486ef07fb0f42f7ab9cf46361d82ea390b1eb76b05bc53eb6c5241d2329c5eeaf9f64d9690a4dd2651eeca237d1d19b731ebd3a48c2e96da72479046305ea8c2e2e124a4017580a5d67f4c7c3fad38adee61f3fa4d6f512ee1b00477c85b6196d9c6bbf30668b0614b717d882f6ff546814777e6a6a665b03bcb4a14849b64c921ba6b8d0344ff556ad95b3a4c0ad76194d28cbd30af5b37249a390a7f6893c72e9ad056f3ead408986085d420765465741d35c41ccbae3526c8c18785c09d947791984c1e998a784461344165789bfaf72760696d1c0264e9dd9c21f02ae8e0186c17a909072d786158d429eb6dc39307aed27648c1ffa1632aa518f9821ef4476c9cdaf6f86f76faf18f83eabbe7bd9f8aba1a76cafeead448b5294f3220f99bc9edfe4f9c8432617c9ec268f2087c19fb30d9ad25ffbe9a42de824e5a984caf97223ea268c0edb706ad139543e2805af51731916982ac6c0630b90f23ebc153fab17ecae22f1d27f2fc37d27e1b44fa137348611132781bf4f8bec7deccd595cd255bb050e552f4e5713deb6b25f6370325de543b8e519b8287c95a2d60a766a9ef249210d1af1e40bc263527801e283d6557fd5957fbdeee5f106f8acd3fddcc35dcf8bfb3c2fee7db3ef9bfddf37cbc667d547cf1f79f96f504b0708f641a17de1010000190a0000504b0304140008080800616b3c590000000000000000000000000f000000786c2f776f726b626f6f6b2e786d6c8d90414fc3300c85ef48fc87c87796141082aae984849076e33076f712778dd624551c367e3e69a70e8e9caca7f7f9f9c9cdfadb0fe244895d0c1aaa950241c144ebc241c3e7f6fdee19d6eded4d738ee9b88ff1280a1f58439ff3584bc9a6278fbc8a2385e2743179cc45a683e431115aee89b21fe4bd524fd2a30b7049a8d37f3262d739436fd17c790af9129268c05cda72ef4686f6daec23098b99aa17f5a8a1c3810964db4cceced1997fc1490a34d99d688b7b0d6ae2e41f70eebc4c11d0938657769ccb671c8248b5b31ad2c63e8098994d91d59cb2accae558fb03504b0708b3cdf9fbdf00000062010000504b0304140008080800616b3c590000000000000000000000001a000000786c2f5f72656c732f776f726b626f6f6b2e786d6c2e72656c73ad914d6bc3300c40ff8ad17d71d2c118a36e2f63d0ebd6fd00632b716822194bfbe8bf9fbbc3d640073bf4248cf07b0fb4de7ece9379c722239383ae69c120058e230d0e5ef74f37f760443d453f31a10362d86ed6cf3879ad3f248d594c45903848aaf9c15a0909672f0d67a4bae9b9cc5eebb30c36fb70f003da55dbded972ce8025d3eca283b28b1d98bd2f03aa0349be607cd152cba4a9e0ba3a66fc8f96fb7e0cf8c8e16d46d20b76bb8083bd1cb33a8bd1e384d7aff8a6fea5bffdd57f70394842d453791dddb54b7e04a718bbb8f6e60b504b070886033b91d400000033020000504b0304140008080800616b3c5900000000000000000000000018000000786c2f776f726b7368656574732f7368656574312e786d6c9d975d6f9b301486ef27ed3f20ee07f8034310a1eada65ec62d2b4cf6b9238092ae0089ca63f7f863043ec536dd9455b7cfabcafedd7278993debdd495f3ccdbae14cdd2455ee03abcd9886dd9ec97ee8fefab77b17b97bd7d939e45fbd41d38978e1234ddd23d48794c7cbfdb1c785d749e38f246fd6727daba906ad8eefdeed8f2623b88eacac741c0fcba281b374bb765cd9b7e46a7e5bba57b8f921c51d7cfd201fe59f273377b76fab9d7423cf5834fdba5abd6288bf5375ef18de46a2cdb13efd5be255f0dcbf9d23a5bbe2b4e95fc2ace392ff707a9b61aaabd2ad14654ddf0dba9cb3e01d7a98b97e1efb9dccac3d2c51ea1240a5d6773eaa4a87f5daac39cce9a777255ca6909da078f3e58fb20ecc588d180e15bbdc8e845a635312f88c3c5edcba2a3159d2f0bc537fb84a34fa87d08f5188b16ec762f367ab1694d8147d17f7945a357a4bd58e04518b3f0f6d8e3d12b9e62c71e0ec9e2df8fd0bf74d7d08b8f852cb2b41567a7eddb4b4dd43fdcab465382ce75babe59b2f4390b52ffb997aa1f456b09d6123c939041826009d1126249302ca15a422d098125a196849684c212a625cc9284b024d292c8923058126b496c492258b2e84fedcf1905d3210533033418c4da6040de03c8e21a790010145c338f1083ae990f1083af9915c4906be623c4d06b268798574e08cd9afad2d5cda00a2e2a2f30139bb7fe083133328089ccc8002636230398851999cde0c08c0c609019d97cf3ecd2d3de2b2f6a34bdaa11b632c37666d89e1f9b99010c313303186a660630a19919c030333380b1329b6f3eb61ae63ab3e96d0d112b33626746ecf92333338089cdcc006661666633243033037cac3e03182bb3f9e611fe4ba34d6fec885aa1513b346a6f0499a1010c3643031862860630d40c0d604233349bb1439b6f1e85af84e6cf3eb16bdeeef903afaaced98853232ffda9abb32b6cffd961d6719263a84e929c40759ae414aa87491e427596e40caa47491e41f538c9e3e166326d2b4b8fc59e7f2eda7dd974ce5a4875ad51f979fde56b2784e46d3f52cd7650d7793da8f84e0e94ebb4971bf5f02cc571d4f693e86f0dd96f504b0708ab29583214030000690c0000504b01021400140008080800616b3c597a94ca713b0100001c0400001300000000000000000000000000000000005b436f6e74656e745f54797065735d2e786d6c504b01021400140008080800616b3c59a78c7abde3000000490200000b000000000000000000000000007c0100005f72656c732f2e72656c73504b01021400140008080800616b3c59366e832193000000b8000000100000000000000000000000000098020000646f6350726f70732f6170702e786d6c504b01021400140008080800616b3c59be34c2ce05010000b0010000110000000000000000000000000069030000646f6350726f70732f636f72652e786d6c504b01021400140008080800616b3c590716437f45020000490500001400000000000000000000000000ad040000786c2f736861726564537472696e67732e786d6c504b01021400140008080800616b3c59f641a17de1010000190a00000d0000000000000000000000000034070000786c2f7374796c65732e786d6c504b01021400140008080800616b3c59b3cdf9fbdf000000620100000f0000000000000000000000000050090000786c2f776f726b626f6f6b2e786d6c504b01021400140008080800616b3c5986033b91d4000000330200001a000000000000000000000000006c0a0000786c2f5f72656c732f776f726b626f6f6b2e786d6c2e72656c73504b01021400140008080800616b3c59ab29583214030000690c00001800000000000000000000000000880b0000786c2f776f726b7368656574732f7368656574312e786d6c504b050600000000090009003f020000e20e00000000);
INSERT INTO `asistencia` (`ID`, `AsistenciaExcel`) VALUES
(20, 0x504b030414000808080026913c59000000000000000000000000130000005b436f6e74656e745f54797065735d2e786d6cb553cb6ec23010fc95c8d72a36f450551581431fc716a9f4035c7b9358f825afa1f0f75d07389452890a71f26366676657f664b671b65a4342137cc3c67cc42af02a68e3bb867d2c5eea7b5661965e4b1b3c34cc07369b4e16db085851a9c786f539c7072150f5e024f210c113d286e464a663ea44946a293b10b7a3d19d50c167f0b9ce45834d274fd0ca95cdd5e3eebe48374cc6688d92995289b5d747a2f55e9027b003077b13f18608ac7ade90caae1b429189331c8e0bcb99eade682ec968f857b4d0b646810e6ae5a8844351d5a0eb988898b2817dceb94cf9553a1214449e138a82a4f925de87b1a890e02cc342bcc8f1a85b8c09a4c61e203bcbb19709f47b4ef4987e87d858f18370c51c796b4f4ca10418906b4e8056eea4f1a7dcbf425a7e86b0bc9e7f7118f67fd90f208a61191f7288e17b4fbf01504b07087a94ca713b0100001c040000504b030414000808080026913c590000000000000000000000000b0000005f72656c732f2e72656c73ad92c16ac3300c865fc5e8de38ed608c51b79732e86d8cee01345b494c62cbd8da96bdfdcc2e5b4b0a1bec28247dff07d2763f8749bd512e9ea38175d382a268d9f9d81b783e3dacee4015c1e870e2480622c37eb77da209a56e94c1a7a22a2216038348bad7bad88102968613c5dae93807945ae65e27b423f6a4376d7babf34f069c33d5d119c847b70675c2dc93189827fdce797c611e9b8aad8d8f44bf09e5aef3960e6c5f034559c8be9800bdecb2f976716c1f33d74d4ce9bf6568168a8edc2ad504cae2a95c33ba5930b29ce96f4ad78fa203093a14fca25e08e9b31fd87d02504b0708a78c7abde300000049020000504b030414000808080026913c5900000000000000000000000010000000646f6350726f70732f6170702e786d6c4d8ec10ac2301044ef82ff10726fb77a109134a52082277bd00f08e9d6069a4d4856e9e79b937a9c19e6f154b7fa45bc316517a895bbba9102c986d1d1b3958ffba53aca4e6f376a4821626287599407e556ceccf10490ed8cdee4bacc549629246fb8c4f484304dcee239d8974762d837cd017065a411c72a7e8152ab3ec6c559c34542f7d114a4186e5705ffbd829f83fe00504b0708366e832193000000b8000000504b030414000808080026913c5900000000000000000000000011000000646f6350726f70732f636f72652e786d6c6d90db4ac43014457f25e4bd4d9a8acc84b683280382e28015c5b7901cdb6273218976fc7bd33a5650df92ec751627bbda1df588dec187c19a1a1739c5088cb46a305d8d1fda7db6c12844619418ad811a1b8b774d251d97d6c3c15b073e0e1050d298c0a5ab711fa3e38404d98316214f8449e18bf55ac474f51d7142be8a0e08a3f49c6888428928c82cccdc6ac427a592abd2bdf97111284960040d260652e405f96123781dfe1d5892953c8661a5a669caa772e1d2460579babdb95f96cf06337f5d026eaa939a4b0f22824249c0e3874b8d7c278fe5e555bbc70da3ec2ca3db8c6d5a5672bae5057baec8aff959f875b6beb94885f4800e77d733b73e57e44fcdcd27504b070812ca8ad905010000b0010000504b030414000808080026913c5900000000000000000000000014000000786c2f736861726564537472696e67732e786d6c7d545d6edb300c7e1fb03b08de73e2dfb88991a4eb5264ebb01645db1d80b5195b85247a92dc74bd519f7b845c6c72d215ab85cef083457efcc88fa43c3f7e9082dda3369cd42288c751c050955471552f829f37ebd134385e7efc3037c6b2923a651741e6309de2bf3a5c1d0c691e3047a3cc2268ac6d8b3034658312cc985a54ceb3212dc1baa3ae43d36a84ca3488568a3089a23c94c055b09c1bbe9cdbe589e1c6ba1238b00a5929c0e03cb4cb79d8bb0f904b4db506b907eca94bbe7b56053b5120b80b67bfd9291ad09a84a01e744d1bbb05ed11ad79d940c1927c964f9278e8bde0f72886396eb054bb6741350de1d75861c156a8acde275dbf46b14bcd9da016c430e64c19abbbd2922e98e87acd121c963524f191b94f03c39055df91bfe4e42aba72797bc92b926e2ae5de8ac6938a07a951928da2d92899b2785a44b322f6647f1a1a4ea9eca493e529be2079eb37f506c5ee6943ca83af486bf4ac5f774f0ab567be42c3abfd1a0c3ddf4883e91b7ca6e0755786a0387a793c79df3b7003d93d697c1cbad27783f001642bf073ed56558c4b9243c03998b213dc177d8a2d680bfbfef5455fea0e6f818dd8793f2cdef2b7d62f6e6bff35f9ba6647d12c4f26134f17726348b1356a05aa22f603dde9e49e0b8f248df369124fe24936f4dc1d48362f1cc25140cff0bef00b62b75cb94df59447b3e991bb5669967b59fa11b81468fc9dea63b2248d93d49b016d81377748fcee3ff524d3a3d8a5f4c3a576b7cbf62be8cd3d4b2769d6bf4307afa0dbd6bcfa5c2ba0ada91a352e7da16b74d37d33fad0fd2d977f00504b0708f7fe0f5e4e0200005b050000504b030414000808080026913c590000000000000000000000000d000000786c2f7374796c65732e786d6ced965d6bdb301486ef07fb0f42f7ab9cf46361d82ea390b1eb76b05bc53eb6c5241d2329c5eeaf9f64d9690a4dd2651eeca237d1d19b731ebd3a48c2e96da72479046305ea8c2e2e124a4017580a5d67f4c7c3fad38adee61f3fa4d6f512ee1b00477c85b6196d9c6bbf30668b0614b717d882f6ff546814777e6a6a665b03bcb4a14849b64c921ba6b8d0344ff556ad95b3a4c0ad76194d28cbd30af5b37249a390a7f6893c72e9ad056f3ead408986085d420765465741d35c41ccbae3526c8c18785c09d947791984c1e998a784461344165789bfaf72760696d1c0264e9dd9c21f02ae8e0186c17a909072d786158d429eb6dc39307aed27648c1ffa1632aa518f9821ef4476c9cdaf6f86f76faf18f83eabbe7bd9f8aba1a76cafeead448b5294f3220f99bc9edfe4f9c8432617c9ec268f2087c19fb30d9ad25ffbe9a42de824e5a984caf97223ea268c0edb706ad139543e2805af51731916982ac6c0630b90f23ebc153fab17ecae22f1d27f2fc37d27e1b44fa137348611132781bf4f8bec7deccd595cd255bb050e552f4e5713deb6b25f6370325de543b8e519b8287c95a2d60a766a9ef249210d1af1e40bc263527801e283d6557fd5957fbdeee5f106f8acd3fddcc35dcf8bfb3c2fee7db3ef9bfddf37cbc667d547cf1f79f96f504b0708f641a17de1010000190a0000504b030414000808080026913c590000000000000000000000000f000000786c2f776f726b626f6f6b2e786d6c8d90414fc3300c85ef48fc87c87796141082aae984849076e33076f712778dd624551c367e3e69a70e8e9caca7f7f9f9c9cdfadb0fe244895d0c1aaa950241c144ebc241c3e7f6fdee19d6eded4d738ee9b88ff1280a1f58439ff3584bc9a6278fbc8a2385e2743179cc45a683e431115aee89b21fe4bd524fd2a30b7049a8d37f3262d739436fd17c790af9129268c05cda72ef4686f6daec23098b99aa17f5a8a1c3810964db4cceced1997fc1490a34d99d688b7b0d6ae2e41f70eebc4c11d0938657769ccb671c8248b5b31ad2c63e8098994d91d59cb2accae558fb03504b0708b3cdf9fbdf00000062010000504b030414000808080026913c590000000000000000000000001a000000786c2f5f72656c732f776f726b626f6f6b2e786d6c2e72656c73ad914d6bc3300c40ff8ad17d71d2c118a36e2f63d0ebd6fd00632b716822194bfbe8bf9fbbc3d640073bf4248cf07b0fb4de7ece9379c722239383ae69c120058e230d0e5ef74f37f760443d453f31a10362d86ed6cf3879ad3f248d594c45903848aaf9c15a0909672f0d67a4bae9b9cc5eebb30c36fb70f003da55dbded972ce8025d3eca283b28b1d98bd2f03aa0349be607cd152cba4a9e0ba3a66fc8f96fb7e0cf8c8e16d46d20b76bb8083bd1cb33a8bd1e384d7aff8a6fea5bffdd57f70394842d453791dddb54b7e04a718bbb8f6e60b504b070886033b91d400000033020000504b030414000808080026913c5900000000000000000000000018000000786c2f776f726b7368656574732f7368656574312e786d6c9d974b8f9b301485f795fa1f10fb027e60084a184d679ad245a5aacf35499c040de0083c93f9f9358f1a62dfa84d1749b0f39d63fbf8069ce5dd6b553a2fbc690b51af5ce405aec3ebadd815f561e5fef8be7e17bb77e9db37cbb3689eda23e7d25182ba5db947294f89efb7db23aff2d613275eab6ff6a2a972a99acdc16f4f0dcf77bda82a7d1c04ccaff2a276d3e5aea878dd8de8347cbf72ef519221eafae9b2877f16fcdcceae9d6eec8d104f5de3d36ee5aa39ca7cf38d977c2bb96acbe699776adf92affbe97c699c1ddfe7cfa5fc2ace192f0e47a9961aaab52ad156946dffee54459780eb54f96bff792e76f2b872b147288942d7d93eb75254bf86de7e4c67c35bb92ee43405ed83471fac7d10f662c468c0f0ad5e64f422d39c9817c4e1e2f669d1d18acea785e29b7dc2d127d43e847a8c450b76bb171bbdd834a7c0a3e8bfbca2d12bd25e2cf0228c59787becf1e8154fb1630f8764f1ef5be80fd5d5d7e2632ef374d988b3d374e5a506ea2eee55a12941eb3a6d572ce9f2250d96fe4b27552f456b09d6123c93905e826009d1126249302ca15a422d098125a196849684c212a625cc9284b024d292c8923058126b496c492258b2e876edcf1e05d326053303d41bc4daa047de03c8e212790010145c328f10832e990f10832f9935c4904be623c4d04b2683982b3b8466453d5475ddab8241e5056662f3d21f2166460630911919c0c4666400b33023b3191c9891010c32239b2f9e0d35ed5df951a3e9578db09519b633c3f6f8d8cc0c60889919c05033338009cdcc00869999018c95d97cf1d1701bbc9ad9745b43c4ca8cd899117bfcc8cc0c6062333380599899d90c09cccc001fabce00c6ca6cbe7884ff5268d38d1d512b346a8746ed8520333480c166680043ccd000869aa1014c688666337668f3c5a3f04a68feec895df1e6c01f7859b6ce563cd77278aee8ded911b67b7698fd38c930d44f928c40fd34c928d41f265908f5b32463507f946411d41f2759dc9f4ca665a5cb537ee09ff3e650d4adb311521d6b547e5e77f8da0b2179d3b554b11dd5715e374abe973de53acd70a2eeafa5388dda6e10fdaf21fd0d504b070816d555ef15030000690c0000504b0102140014000808080026913c597a94ca713b0100001c0400001300000000000000000000000000000000005b436f6e74656e745f54797065735d2e786d6c504b0102140014000808080026913c59a78c7abde3000000490200000b000000000000000000000000007c0100005f72656c732f2e72656c73504b0102140014000808080026913c59366e832193000000b8000000100000000000000000000000000098020000646f6350726f70732f6170702e786d6c504b0102140014000808080026913c5912ca8ad905010000b0010000110000000000000000000000000069030000646f6350726f70732f636f72652e786d6c504b0102140014000808080026913c59f7fe0f5e4e0200005b0500001400000000000000000000000000ad040000786c2f736861726564537472696e67732e786d6c504b0102140014000808080026913c59f641a17de1010000190a00000d000000000000000000000000003d070000786c2f7374796c65732e786d6c504b0102140014000808080026913c59b3cdf9fbdf000000620100000f0000000000000000000000000059090000786c2f776f726b626f6f6b2e786d6c504b0102140014000808080026913c5986033b91d4000000330200001a00000000000000000000000000750a0000786c2f5f72656c732f776f726b626f6f6b2e786d6c2e72656c73504b0102140014000808080026913c5916d555ef15030000690c00001800000000000000000000000000910b0000786c2f776f726b7368656574732f7368656574312e786d6c504b050600000000090009003f020000ec0e00000000),
(23, 0x504b0304140008080800b8983c59000000000000000000000000130000005b436f6e74656e745f54797065735d2e786d6cb553cb6ec23010fc95c8d72a36f450551581431fc716a9f4035c7b9358f825afa1f0f75d07389452890a71f26366676657f664b671b65a4342137cc3c67cc42af02a68e3bb867d2c5eea7b5661965e4b1b3c34cc07369b4e16db085851a9c786f539c7072150f5e024f210c113d286e464a663ea44946a293b10b7a3d19d50c167f0b9ce45834d274fd0ca95cdd5e3eebe48374cc6688d92995289b5d747a2f55e9027b003077b13f18608ac7ade90caae1b429189331c8e0bcb99eade682ec968f857b4d0b646810e6ae5a8844351d5a0eb988898b2817dceb94cf9553a1214449e138a82a4f925de87b1a890e02cc342bcc8f1a85b8c09a4c61e203bcbb19709f47b4ef4987e87d858f18370c51c796b4f4ca10418906b4e8056eea4f1a7dcbf425a7e86b0bc9e7f7118f67fd90f208a61191f7288e17b4fbf01504b07087a94ca713b0100001c040000504b0304140008080800b8983c590000000000000000000000000b0000005f72656c732f2e72656c73ad92c16ac3300c865fc5e8de38ed608c51b79732e86d8cee01345b494c62cbd8da96bdfdcc2e5b4b0a1bec28247dff07d2763f8749bd512e9ea38175d382a268d9f9d81b783e3dacee4015c1e870e2480622c37eb77da209a56e94c1a7a22a2216038348bad7bad88102968613c5dae93807945ae65e27b423f6a4376d7babf34f069c33d5d119c847b70675c2dc93189827fdce797c611e9b8aad8d8f44bf09e5aef3960e6c5f034559c8be9800bdecb2f976716c1f33d74d4ce9bf6568168a8edc2ad504cae2a95c33ba5930b29ce96f4ad78fa203093a14fca25e08e9b31fd87d02504b0708a78c7abde300000049020000504b0304140008080800b8983c5900000000000000000000000010000000646f6350726f70732f6170702e786d6c4d8ec10ac2301044ef82ff10726fb77a109134a52082277bd00f08e9d6069a4d4856e9e79b937a9c19e6f154b7fa45bc316517a895bbba9102c986d1d1b3958ffba53aca4e6f376a4821626287599407e556ceccf10490ed8cdee4bacc549629246fb8c4f484304dcee239d8974762d837cd017065a411c72a7e8152ab3ec6c559c34542f7d114a4186e5705ffbd829f83fe00504b0708366e832193000000b8000000504b0304140008080800b8983c5900000000000000000000000011000000646f6350726f70732f636f72652e786d6c6d90d14ac33014865f25e4be3d6937650b6d87280341716045f12e24c7b6d826218976bebd699d15d4bb24ff773e4efe62771c7af28ece774697344b1925a8a5519d6e4afa50ef930d253e08ad446f3496541bbaab0a69b9340e0fce5874a1434fa2467b2e6d49db102c07f0b2c541f834123a862fc60d22c4ab6bc00af92a1a849cb1731830082582804998d8c5484f4a2517a57d73fd2c5012b0c70175f090a519fcb001dde0ff1d9893853cfa6ea1c6714cc7d5ccc58d3278babdb99f974f3a3d7d5d22ad8a939a4b8722a02251c0c3878d8d7c278fabcbab7a4fab9ce5eb846d937c5b33c6d9195f6f9e0bf8353f09bfcec65517b19016c9e1ee7ae296e702fed45c7d02504b07082bc4eeca06010000b0010000504b0304140008080800b8983c5900000000000000000000000014000000786c2f736861726564537472696e67732e786d6c6d934d6edb301085f7057a8781bab6f513cbb10559696bc3698a263052f7003435b659901c95a48ca6b7e932eb1cc1170b65074d2b76377c33f3516f862aaf7e2a09073456909e45e930890035a75ae8dd2cfab65e0e26d155f5f64d69ad034ead76b328cb2268b5f8d1e2fc55f0186d67d1deb9a68863cbf7a8981d5283da67b6641473fe6876b16d0cb2daee119d92719624e35831a1a3aab4a22a5d3597cc22acccf1377782b33276551977a9737a656867986250239cb05c1c9f7401d7685d1775fa3dd668bb60c11cd93e6129f89e15905d8cf2f1e5a49fbd1307947df81ab93e3e49da51bffcabbfaa80396a67a8eb5afee9f21684e6a261b2df73a3ad332d77640a902d170c14f3b5b02785bfc08736707d1eca0b9cfc179d2d3ec09c945f053fa9185ac5b3d5241b0d92e9209b403a2d92bc1805b6dff58505f156795b81e33b521b837d758df2f8b8251d94cfc9180cd4ebe3a34613c8f76845ed9f9f0806f0890c3badf446332bacfb6f519a4c2f93e938cbf37ee6330a6b49c3128d66ba26f882fef4e1206400b948c7932ccdd37cd4cf7c3f43b62f0ce911ac23bcdff9072c879c54382bd808ed371a385d60c38c63a70977b656a6c50d8301dc76eb148df857fdc88cf95b7ac5c5fec7ac9e01504b070823ae8cd7d3010000c6030000504b0304140008080800b8983c590000000000000000000000000d000000786c2f7374796c65732e786d6cb595c14ee3301086ef2bf10e96efe0b4c052ad92208454b4675869af6e32492c6c4f64bb28e1e9d78e935224da42b75ceaf1df99cfbf466327bded94242f60ac409dd1d9454209e8024ba1eb8cfe795a9e2fe86d7ef623b5ae97f0d80038e22bb4cd68e35cfb8b315b34a0b8bdc016b4ffa742a3b8f35b5333db1ae0a50d454ab27992fc648a0b4df354afd552394b0a5c6b97d184b23cad50bf2997340a796a5fc90b97de5af0e6d30a946888d025745066741134cd15c4ac7b2ec5ca8881c795907d94e741189c8e794a68344164f194f8fb216763601e0dace2d699357c1170b50f302cd68384949b362c6814f2b4e5ce81d14bbf2163fcd4b790518d7ac40c7907b24b6e9e1f0cef3f5f31f07d567dffbef157434fd956dd678916a5284f8bdc65f2faf4268f47ee32394b4e6e720f7258fc9cadd094feda4f9336a39394a7122ae7cb8da89bb03a6cc3d4a273a87c500a5ea3e6321c30558c81c71620e563782bfe56efd85d45e2a5ff5d86fb4ec2b44fa137348611133781bf4d8bec2deccd5158d2551bfeaeead9e16ac2db56f64b0c46a69bbc0b373f0217853b296aad60a3e6299f14d2a011afbe20bc25851720be675df55f5df9ee732ff737c0671deee716eefab4b89b2fe0d8388e3e7afb38e6ff00504b07084e2e0901d501000051070000504b0304140008080800b8983c590000000000000000000000000f000000786c2f776f726b626f6f6b2e786d6c8d90414fc3300c85ef48fc87c87796141082aae984849076e33076f712778dd624551c367e3e69a70e8e9caca7f7f9f9c9cdfadb0fe244895d0c1aaa950241c144ebc241c3e7f6fdee19d6eded4d738ee9b88ff1280a1f58439ff3584bc9a6278fbc8a2385e2743179cc45a683e431115aee89b21fe4bd524fd2a30b7049a8d37f3262d739436fd17c790af9129268c05cda72ef4686f6daec23098b99aa17f5a8a1c3810964db4cceced1997fc1490a34d99d688b7b0d6ae2e41f70eebc4c11d0938657769ccb671c8248b5b31ad2c63e8098994d91d59cb2accae558fb03504b0708b3cdf9fbdf00000062010000504b0304140008080800b8983c590000000000000000000000001a000000786c2f5f72656c732f776f726b626f6f6b2e786d6c2e72656c73ad914d6bc3300c40ff8ad17d71d2c118a36e2f63d0ebd6fd00632b716822194bfbe8bf9fbbc3d640073bf4248cf07b0fb4de7ece9379c722239383ae69c120058e230d0e5ef74f37f760443d453f31a10362d86ed6cf3879ad3f248d594c45903848aaf9c15a0909672f0d67a4bae9b9cc5eebb30c36fb70f003da55dbded972ce8025d3eca283b28b1d98bd2f03aa0349be607cd152cba4a9e0ba3a66fc8f96fb7e0cf8c8e16d46d20b76bb8083bd1cb33a8bd1e384d7aff8a6fea5bffdd57f70394842d453791dddb54b7e04a718bbb8f6e60b504b070886033b91d400000033020000504b0304140008080800b8983c5900000000000000000000000018000000786c2f776f726b7368656574732f7368656574312e786d6c9d96cd8e9b301485f795fa0e96f7056cc01044184d679ad245a5aabf6b9238091ac091ed24f3f8b50d7508b852d345127c73bee3ebeb8b217f786d1b70a65cd4ac5b42e40510d06ec3b675b75fc21fdf57ef52f850bc7d935f187f11074a2550402796f020e531f37db139d0b6121e3bd24efdb363bcada41af2bd2f8e9c565b03b58d8f8380f86d5577b0c8b7754b3b3d23e074b7848f282b11827e911bf1cf9a5ec4e81ae8b9d78cbde8c1a7ed12aa1c65b5fe461bba91548d253f514dfb337c65d2f9c2c196eeaa5323bfb24b49ebfd41aaa5c66aad0adab046986fd0d6ba0210b4d5abf9bdd45b795842ec855198c4106c4e42b2f6571f35738235157255cb6b0ad6070f3ed8fa20eca5884401c1f77a85835778cd8978411a2fee4f2b1aaca2715a28bddb271e7c62eb13461e21c982dcef45062f72cd29f022f45f5ec9e095582f127809c624bebfece9e0955ecb8e3d1c878b7fdf42bfef2ed38bcf95ac8a9cb30be0babdd444fae251359a02040442374b919f8b20f7cf1a551fa5b608b6081e21a141901b092d12ce10ec46228b4433247423b145e21912b9116211324362379258249921c48da416496748e246167ad7feec5170dda46064808c416a0d8ce4bd43b2b8953c392428b8d53cbb34e856f3c1a5c1b79a954b13de6a3eba34d1ada67469feb24368d4d47d5777860a7aca0ba6151bb7fe2022d3923934c9b4640e4d3a2d9943b398966caec1c1b4640e0d9a966cbc78d2f7b437bda9fdd199d052bea74fb46904d8b05327fbceb5d1d1435277e7348eb312bbe2615686ae789495912b1e6765ec8a93ac24ae789295892b9e66656acebeebb28afc58ede9e78aefeb4e803593eae054e5f3f4f1be634c52ae47ea8c3aa817063b68e84e1a1504bc7f669b6bc98e03ab27b1ef25c56f504b0708013bcf4d92020000cb080000504b01021400140008080800b8983c597a94ca713b0100001c0400001300000000000000000000000000000000005b436f6e74656e745f54797065735d2e786d6c504b01021400140008080800b8983c59a78c7abde3000000490200000b000000000000000000000000007c0100005f72656c732f2e72656c73504b01021400140008080800b8983c59366e832193000000b8000000100000000000000000000000000098020000646f6350726f70732f6170702e786d6c504b01021400140008080800b8983c592bc4eeca06010000b0010000110000000000000000000000000069030000646f6350726f70732f636f72652e786d6c504b01021400140008080800b8983c5923ae8cd7d3010000c60300001400000000000000000000000000ae040000786c2f736861726564537472696e67732e786d6c504b01021400140008080800b8983c594e2e0901d5010000510700000d00000000000000000000000000c3060000786c2f7374796c65732e786d6c504b01021400140008080800b8983c59b3cdf9fbdf000000620100000f00000000000000000000000000d3080000786c2f776f726b626f6f6b2e786d6c504b01021400140008080800b8983c5986033b91d4000000330200001a00000000000000000000000000ef090000786c2f5f72656c732f776f726b626f6f6b2e786d6c2e72656c73504b01021400140008080800b8983c59013bcf4d92020000cb08000018000000000000000000000000000b0b0000786c2f776f726b7368656574732f7368656574312e786d6c504b050600000000090009003f020000e30d00000000),
(24, 0x504b030414000808080009b33c59000000000000000000000000130000005b436f6e74656e745f54797065735d2e786d6cb553cb6ec23010fc95c8d72a36f450551581431fc716a9f4035c7b9358f825afa1f0f75d07389452890a71f26366676657f664b671b65a4342137cc3c67cc42af02a68e3bb867d2c5eea7b5661965e4b1b3c34cc07369b4e16db085851a9c786f539c7072150f5e024f210c113d286e464a663ea44946a293b10b7a3d19d50c167f0b9ce45834d274fd0ca95cdd5e3eebe48374cc6688d92995289b5d747a2f55e9027b003077b13f18608ac7ade90caae1b429189331c8e0bcb99eade682ec968f857b4d0b646810e6ae5a8844351d5a0eb988898b2817dceb94cf9553a1214449e138a82a4f925de87b1a890e02cc342bcc8f1a85b8c09a4c61e203bcbb19709f47b4ef4987e87d858f18370c51c796b4f4ca10418906b4e8056eea4f1a7dcbf425a7e86b0bc9e7f7118f67fd90f208a61191f7288e17b4fbf01504b07087a94ca713b0100001c040000504b030414000808080009b33c590000000000000000000000000b0000005f72656c732f2e72656c73ad92c16ac3300c865fc5e8de38ed608c51b79732e86d8cee01345b494c62cbd8da96bdfdcc2e5b4b0a1bec28247dff07d2763f8749bd512e9ea38175d382a268d9f9d81b783e3dacee4015c1e870e2480622c37eb77da209a56e94c1a7a22a2216038348bad7bad88102968613c5dae93807945ae65e27b423f6a4376d7babf34f069c33d5d119c847b70675c2dc93189827fdce797c611e9b8aad8d8f44bf09e5aef3960e6c5f034559c8be9800bdecb2f976716c1f33d74d4ce9bf6568168a8edc2ad504cae2a95c33ba5930b29ce96f4ad78fa203093a14fca25e08e9b31fd87d02504b0708a78c7abde300000049020000504b030414000808080009b33c5900000000000000000000000010000000646f6350726f70732f6170702e786d6c4d8ec10ac2301044ef82ff10726fb77a109134a52082277bd00f08e9d6069a4d4856e9e79b937a9c19e6f154b7fa45bc316517a895bbba9102c986d1d1b3958ffba53aca4e6f376a4821626287599407e556ceccf10490ed8cdee4bacc549629246fb8c4f484304dcee239d8974762d837cd017065a411c72a7e8152ab3ec6c559c34542f7d114a4186e5705ffbd829f83fe00504b0708366e832193000000b8000000504b030414000808080009b33c5900000000000000000000000011000000646f6350726f70732f636f72652e786d6c6d90dd4ac43010465fa5e4be9db45dc486b68b280b82e2822b8a772119db62f34312edfaf6a675ada0de25f9ce1c265fbd3daa317947e707a31b92679424a8859183ee1af270d8a5e724f1816bc947a3b121da906d5b0bcb8471b877c6a20b03fa246ab467c236a40fc132002f7a54dc6791d0317c314ef110afae03cbc52bef100a4acf4061e092070eb330b5ab919c9452ac4afbe6c6452005e0880a75f0906739fcb0019df2ff0e2cc94a1efdb052d3346553b97071a31c9e6e6fee97e5d341cf5f1748dafaa466c2210f28932860e1c3c646be93c7f2f2eab0236d418b4d4aabb4a80eb464c586e5d5730dbfe667e1d7d9b8f62216d263b2bfbb9eb9f5b9863f35b79f504b0708a1c1783005010000b0010000504b030414000808080009b33c5900000000000000000000000014000000786c2f736861726564537472696e67732e786d6c75544b6edb3010dd17e81d08756d4b961dc7166425ad0db72990c048dc034ca8b144801f95a4e234b7c9d2eb1c41172b651b4543b68216d27b8f33f36606ccaf9e05274fa80d5372118d86494450525532592da21fdbf560165d151f3fe4c65842552bed224a67116925fbd9e2f20c5c46c485916611d5d636591c1b5aa30033540d4ac7ec941660ddafae62d36884d2d48856f0384d92692c80c9a8c80d2b725b2c3918241bddbd52cb28e4b12df2b8a74ef446ab4a830052223986a5ac7b9319f92c8133c30cf9455668406bc5b9ea450f6a67f7a0d10fb466b4868ca4d3f9f4221df9ec1d7b42eee7d82295dd1b5795f2e50f5862469628ad3e265dff39e59c30495903dc3f73238dd52db54a6784b7940111e0b4a456025f88fb3481f9536fcec195abe8dee5ed2d2f957013a147144d60154f5693743248e6837446d2344b27d968ee2b3ff9c04ad156385b81e33b251ec3a66e9177879d92817ca9b4c600fdda1d24ea00be47c34ab7852c68c037a5c1f40dbe91e0866dff291a25e72798eaf716dc40ba83c6179f1afff7103e8368385e576e4df9902ae10b6ec1d096b3d0f40a1bd0168efdeb8bdee8161f810cc86d3f2cd6b0f7e817b7b57f437eb87476391a4fa6e9d8278476cb63fb0e07b626e38bf1a47f7d8295d0ee2b565e5712d4de94b51cbae50937c715ffce59ec2e82e237504b0708e7a73b97f401000036040000504b030414000808080009b33c590000000000000000000000000d000000786c2f7374796c65732e786d6cdd96cb6edb301045f705fa0f04f78d64e751a3901414011c649d14c896164712513e04920ea47c7d87a2e438406da7aebae9c61c5ecf1c5e0f3884b3db4e49f202d609a373bab84829015d1a2e749dd31f4feb2f2b7a5b7cfe9439df4b786c003cc10aed72da78df7e4b125736a098bb302d68fca63256318f5b5b27aeb5c0b80b454a26cb34bd4914139a1699deaab5f28e9466ab7d4e539a145965f49b7249a35064ee95bc3089d682374c2b8d349608cda1039ed355d0345310b3ee98141b2b061e5342f6515e0661703ae629a18d0d62124f899fbfe5ec0c2ca3814ddc7abb853f045c1d030c8b43909072d786158d4291b5cc7bb07a8d1b32c64f7d0b39d5468f9821ef443667f6e7bd65fdc72b063e66d577ef1b7f35f434d9abfb28d11929f8bcc84326afe737793ef290c9453abbc923c861c17bb63196e3d84f376d4127a9c824541ecbada89bb07ad3865b6bbc370a032e586d3493e180a9620c105b82948fe1ad78aedeb1bb8ac4a17fe061de49b8ed538886c63062e226f0f76991bd8f4dcfe292aeda1d70a87a71ba9ab0b695fdda0427d3281fc22dcfc045e1bb14b556b0538b8c4d0a698c15af58101e931205880f5a57fd5557fef5b997c71b8059a7fbb987bb9e17f7755edcfff3639371f8307afb2b50fc02504b0708eefa7e90db0100003f080000504b030414000808080009b33c590000000000000000000000000f000000786c2f776f726b626f6f6b2e786d6c8d90414fc3300c85ef48fc87c87796141082aae984849076e33076f712778dd624551c367e3e69a70e8e9caca7f7f9f9c9cdfadb0fe244895d0c1aaa950241c144ebc241c3e7f6fdee19d6eded4d738ee9b88ff1280a1f58439ff3584bc9a6278fbc8a2385e2743179cc45a683e431115aee89b21fe4bd524fd2a30b7049a8d37f3262d739436fd17c790af9129268c05cda72ef4686f6daec23098b99aa17f5a8a1c3810964db4cceced1997fc1490a34d99d688b7b0d6ae2e41f70eebc4c11d0938657769ccb671c8248b5b31ad2c63e8098994d91d59cb2accae558fb03504b0708b3cdf9fbdf00000062010000504b030414000808080009b33c590000000000000000000000001a000000786c2f5f72656c732f776f726b626f6f6b2e786d6c2e72656c73ad914d6bc3300c40ff8ad17d71d2c118a36e2f63d0ebd6fd00632b716822194bfbe8bf9fbbc3d640073bf4248cf07b0fb4de7ece9379c722239383ae69c120058e230d0e5ef74f37f760443d453f31a10362d86ed6cf3879ad3f248d594c45903848aaf9c15a0909672f0d67a4bae9b9cc5eebb30c36fb70f003da55dbded972ce8025d3eca283b28b1d98bd2f03aa0349be607cd152cba4a9e0ba3a66fc8f96fb7e0cf8c8e16d46d20b76bb8083bd1cb33a8bd1e384d7aff8a6fea5bffdd57f70394842d453791dddb54b7e04a718bbb8f6e60b504b070886033b91d400000033020000504b030414000808080009b33c5900000000000000000000000018000000786c2f776f726b7368656574732f7368656574312e786d6c9d965f6f9b3014c5df27ed3b58bc0f6c03862042d5b5cbd8c3a4697f9f49e224a88023e334fdf8330e33046ea5a50f4df1cdf91ddbc797407af75257e899cbb614cdd2212e76106f36625b36fba5f3ebe7ea43ecdc65efdfa567219fda03e70a69a06997ce41a963e279ede6c0eba275c59137fa9b9d9075a1f450eebdf62879b135505d791463e6d545d93859ba2d6bde743322c9774be79e2439a18e97a546fcbbe4e776748dbab9d7423c75832fdba5a3d7a88af50f5ef18de27aace48977b437c3576639df24daf25d71aad47771ce79b93f28bdd550ef55431b51b5e613d565978083eae2c5fc3f975b75583ad4f5033f0a1db439b54ad47f2e5533275af356ad4a352cc1fad0de875a1f42dd98b000337aab97df7bf983973e28422212dfbcaea0f70ac6eb7a834fd8fb84434e81cb30096fdf1eebadd8b024ecd280e1c5edb147bd5764bd1876234ad91bd615f75ef1b045ead2d05ffcff117a97ee32bdf858a8224ba53823d9b5979ea8bbb8d78da681d6416dd72c59fa9ce1d47bee50fda7d516a116a123c437088111df22fe0ca13012582498213e8c84160967480023cc226c8684301259249a210c46628bc43324829145776affce080f87844706c418c4d6c0483e0292c5b5e40190107cad798434e45af309d2d06bcd0ad2f8d79acf9026b8d6e490e6951322a3a6be747563287ca15c3c4d6cdcfabd884d230334d1343240134f2303348b6964730dc5d3c8000d994636de3cbbf4b4fbca4d4d86bb9ad05966749e199dcf4fa799011a7f9a19a009a699019a709a19a061d3cc00cd2cb3f1e617af64e68d7e476b2ef7fc8157558b36e2d4a8cbdd6eaba3178bee8e9ed6699253a8ee27b90fd583240fa07a98e421546749cea07a94e411548f933c36cf8b615b597a2cf6fc6b21f765d3a2b550fa61a3e373bb47e24e08c56537d2bfeb07fd92650715df29a37290bcbce7986b258e3ddb4d62dfe5b2bf504b07080e45dbe2bf020000ff090000504b0102140014000808080009b33c597a94ca713b0100001c0400001300000000000000000000000000000000005b436f6e74656e745f54797065735d2e786d6c504b0102140014000808080009b33c59a78c7abde3000000490200000b000000000000000000000000007c0100005f72656c732f2e72656c73504b0102140014000808080009b33c59366e832193000000b8000000100000000000000000000000000098020000646f6350726f70732f6170702e786d6c504b0102140014000808080009b33c59a1c1783005010000b0010000110000000000000000000000000069030000646f6350726f70732f636f72652e786d6c504b0102140014000808080009b33c59e7a73b97f4010000360400001400000000000000000000000000ad040000786c2f736861726564537472696e67732e786d6c504b0102140014000808080009b33c59eefa7e90db0100003f0800000d00000000000000000000000000e3060000786c2f7374796c65732e786d6c504b0102140014000808080009b33c59b3cdf9fbdf000000620100000f00000000000000000000000000f9080000786c2f776f726b626f6f6b2e786d6c504b0102140014000808080009b33c5986033b91d4000000330200001a00000000000000000000000000150a0000786c2f5f72656c732f776f726b626f6f6b2e786d6c2e72656c73504b0102140014000808080009b33c590e45dbe2bf020000ff0900001800000000000000000000000000310b0000786c2f776f726b7368656574732f7368656574312e786d6c504b050600000000090009003f020000360e00000000),
(25, 0x504b0304140008080800c3b43c59000000000000000000000000130000005b436f6e74656e745f54797065735d2e786d6cb553cb6ec23010fc95c8d72a36f450551581431fc716a9f4035c7b9358f825afa1f0f75d07389452890a71f26366676657f664b671b65a4342137cc3c67cc42af02a68e3bb867d2c5eea7b5661965e4b1b3c34cc07369b4e16db085851a9c786f539c7072150f5e024f210c113d286e464a663ea44946a293b10b7a3d19d50c167f0b9ce45834d274fd0ca95cdd5e3eebe48374cc6688d92995289b5d747a2f55e9027b003077b13f18608ac7ade90caae1b429189331c8e0bcb99eade682ec968f857b4d0b646810e6ae5a8844351d5a0eb988898b2817dceb94cf9553a1214449e138a82a4f925de87b1a890e02cc342bcc8f1a85b8c09a4c61e203bcbb19709f47b4ef4987e87d858f18370c51c796b4f4ca10418906b4e8056eea4f1a7dcbf425a7e86b0bc9e7f7118f67fd90f208a61191f7288e17b4fbf01504b07087a94ca713b0100001c040000504b0304140008080800c3b43c590000000000000000000000000b0000005f72656c732f2e72656c73ad92c16ac3300c865fc5e8de38ed608c51b79732e86d8cee01345b494c62cbd8da96bdfdcc2e5b4b0a1bec28247dff07d2763f8749bd512e9ea38175d382a268d9f9d81b783e3dacee4015c1e870e2480622c37eb77da209a56e94c1a7a22a2216038348bad7bad88102968613c5dae93807945ae65e27b423f6a4376d7babf34f069c33d5d119c847b70675c2dc93189827fdce797c611e9b8aad8d8f44bf09e5aef3960e6c5f034559c8be9800bdecb2f976716c1f33d74d4ce9bf6568168a8edc2ad504cae2a95c33ba5930b29ce96f4ad78fa203093a14fca25e08e9b31fd87d02504b0708a78c7abde300000049020000504b0304140008080800c3b43c5900000000000000000000000010000000646f6350726f70732f6170702e786d6c4d8ec10ac2301044ef82ff10726fb77a109134a52082277bd00f08e9d6069a4d4856e9e79b937a9c19e6f154b7fa45bc316517a895bbba9102c986d1d1b3958ffba53aca4e6f376a4821626287599407e556ceccf10490ed8cdee4bacc549629246fb8c4f484304dcee239d8974762d837cd017065a411c72a7e8152ab3ec6c559c34542f7d114a4186e5705ffbd829f83fe00504b0708366e832193000000b8000000504b0304140008080800c3b43c5900000000000000000000000011000000646f6350726f70732f636f72652e786d6c6d905d4bc3301486ff4ac97d7bd256740b6d8728034171e064e25d488e6db1f9208976fe7bd33a2ba87749dee73c9cbcd5e6a886e41d9def8dae499e5192a01646f6baadc9e37e9bae48e203d7920f46634db4219ba6129609e370e78c45177af449d468cf84ad49178265005e74a8b8cf22a163f8629ce2215e5d0b968b57de2214949e83c2c0250f1c26616a17233929a55894f6cd0db3400ac00115eae021cf72f861033ae5ff1d9893853cfa7ea1c671ccc672e6e246393cdddd3ecccba7bd9ebe2e9034d549cd84431e502651c0c2878d8d7c2787f2ea7abf254d418bb394aed362bda7252b578c5e3c57f06b7e127e9d8d6b2e63211d26bbfb9b895b9e2bf85373f309504b0708954516de06010000b0010000504b0304140008080800c3b43c5900000000000000000000000014000000786c2f736861726564537472696e67732e786d6c75545b6edb3010fc2fd03b10eab72d59766c479095b436dca6400223710fb0a1d612013e54928ad3dcc8df3e822e56ca368a866c057d4833c3dd9ddd05f39b57c1c90b6ac3945c44a36112119454954c568be8c7763d984737c5c70fb9319650d54abb88d279445ac97eb6b8bc00b388b830d22ca2dada268b63436b146086aa41e9989dd202acfbd5556c1a8d509a1ad10a1ea749328d05301915b961456e8b250783648bdd51330a796c8b3cee9933bbd1aad2208094484e5129eb8e32239f2570669821bfc80a0d68ad3857bde849edec1e34fa81d68cd69091747a3dbd4a473efbc05e90fb39b6486577e4aa52befc094bccc812a5d5a7a4eb3fa7c84633495903dc3f73278dd52db54a6784b7940111e0b4a45602df88fb3481f9736b2ec195abe8d1e5ed2d2f957003a127144d6015cf5693743248ae07e99ca469369e67c9cc577ef28195a2ad70b602c70f4a3c874ddd22ef0e3b2503f952698d01fab53b48d401fc8886956e0959d0806f4a83e91b7c27c10ddbfe53344a2e4f30d5ef2db88174078d6f3e35feef217c05d170bcaddc96f22155c217dc83a12d67a1e91536a02d9cfad717bdd12d3e031990fb7e58ac61efd12f6e6bff86fc70e97c361a4fa6e9d8278476cb63fb0e07b626e3abf1a47f7d8295d0ee2b56de5612d4de94b51cbae50937c715ffce59ecee81e237504b0708d6708424f201000035040000504b0304140008080800c3b43c590000000000000000000000000d000000786c2f7374796c65732e786d6cdd96cb6edb301045f705fa0f04f78d64e751a3901414011c649d14c896164712513e04920ea47c7d87a2e438406da7aebae9c61c5ecf1c5e0f3884b3db4e49f202d609a373bab84829015d1a2e749dd31f4feb2f2b7a5b7cfe9439df4b786c003cc10aed72da78df7e4b125736a098bb302d68fca63256318f5b5b27aeb5c0b80b454a26cb34bd4914139a1699deaab5f28e9466ab7d4e539a145965f49b7249a35064ee95bc3089d682374c2b8d349608cda1039ed355d0345310b3ee98141b2b061e5342f6515e0661703ae629a18d0d62124f899fbfe5ec0c2ca3814ddc7abb853f045c1d030c8b43909072d786158d4291b5cc7bb07a8d1b32c64f7d0b39d5468f9821ef443667f6e7bd65fdc72b063e66d577ef1b7f35f434d9abfb28d11929f8bcc84326afe737793ef290c9453abbc923c861c17bb63196e3d84f376d4127a9c824541ecbada89bb07ad3865b6bbc370a032e586d3493e180a9620c105b82948fe1ad78aedeb1bb8ac4a17fe061de49b8ed538886c63062e226f0f76991bd8f4dcfe292aeda1d70a87a71ba9ab0b695fdda0427d3281fc22dcfc045e1bb14b556b0538b8c4d0a698c15af58101e931205880f5a57fd5557fef5b997c71b8059a7fbb987bb9e17f7755edcfff3639371f8307afb2b50fc02504b0708eefa7e90db0100003f080000504b0304140008080800c3b43c590000000000000000000000000f000000786c2f776f726b626f6f6b2e786d6c8d90414fc3300c85ef48fc87c87796141082aae984849076e33076f712778dd624551c367e3e69a70e8e9caca7f7f9f9c9cdfadb0fe244895d0c1aaa950241c144ebc241c3e7f6fdee19d6eded4d738ee9b88ff1280a1f58439ff3584bc9a6278fbc8a2385e2743179cc45a683e431115aee89b21fe4bd524fd2a30b7049a8d37f3262d739436fd17c790af9129268c05cda72ef4686f6daec23098b99aa17f5a8a1c3810964db4cceced1997fc1490a34d99d688b7b0d6ae2e41f70eebc4c11d0938657769ccb671c8248b5b31ad2c63e8098994d91d59cb2accae558fb03504b0708b3cdf9fbdf00000062010000504b0304140008080800c3b43c590000000000000000000000001a000000786c2f5f72656c732f776f726b626f6f6b2e786d6c2e72656c73ad914d6bc3300c40ff8ad17d71d2c118a36e2f63d0ebd6fd00632b716822194bfbe8bf9fbbc3d640073bf4248cf07b0fb4de7ece9379c722239383ae69c120058e230d0e5ef74f37f760443d453f31a10362d86ed6cf3879ad3f248d594c45903848aaf9c15a0909672f0d67a4bae9b9cc5eebb30c36fb70f003da55dbded972ce8025d3eca283b28b1d98bd2f03aa0349be607cd152cba4a9e0ba3a66fc8f96fb7e0cf8c8e16d46d20b76bb8083bd1cb33a8bd1e384d7aff8a6fea5bffdd57f70394842d453791dddb54b7e04a718bbb8f6e60b504b070886033b91d400000033020000504b0304140008080800c3b43c5900000000000000000000000018000000786c2f776f726b7368656574732f7368656574312e786d6c9d965d6f9b301486ef27ed3f58dc0f6c03862042d5b5cbd8c5a4699fd724711254c011384d7ffe6c60e6eb545a7ad1169fbecf6bfbf5e123be7b290bf4cceb2617d5da2236b610af76629f57c7b5f5ebe7e64368dd25efdfc557513f3527ce255240d5acad9394e7c8719add899759638b33afd47f0ea22e33a986f5d169ce35cff62d54160ec598396596575612eff392577a4654f3c3daba27514aa8e524712bfe9df36b33ba467aeead104f7af065bfb6d41a65b6fdc10bbe935c8d657de19a7616f8a65dceb71aedf921bb14f2bbb8a63c3f9ea4daaaaff6aaa09d289af6372a739d8085caeca5fd7bcdf7f2b4b6a8ed7a6ee05b687769a428ff74d5764eb4e58ddce4725882f1a1bd0f353e84da21611e66f4562fb7f772072f7550840424bc795d5eefe58dd7f5061fbff7f1879c3c9b61e2dfbe3dd65bb16149d8a61ec3abdb630f7aafc078316c0794b237ac2becbdc2618bd4a6bebbfaff2374baee6a7bf131935912d7e28a6add5e6a227d71af1a4d018d851add2c49fc9ce0d879d6a8fa516a835083d011e2b6088111d720ee02a130e219c45b202e8cf806f117880723cc206c81f83012182458200c464283840b248091953eb57f67848743c22303d21a84c6a0957c0424aba9e40190103cd53c421a32d57c823474aad9401a77aaf90c69bca9268534af9c10193575d7d5554be18eb2f13cb171ebf722368f0cd004f3c8004d388f0cd0ace6912d3514cf230334641ed978f3aceb69fb959b9a0c7735a18bcce83233ba9c9fce330334ee3c3340e3cd330334fe3c3340c3e699019a4566e3cd07dd63709199337a8e96bc3ef2075e140dda894b25bbbbdd54471f16fa8e9ed7699452a8ee46a90bd5bd28f5a0ba1fa53e546751caa07a10a501540fa3346cdf17c3b692f89c1df9d7ac3ee65583b642aa978d8acfd6afc4831092d77aa49eeb27f5916506053fc85665a1bafbce69afa538f7ac9ec47ccb257f01504b0708e94a082ac2020000ff090000504b01021400140008080800c3b43c597a94ca713b0100001c0400001300000000000000000000000000000000005b436f6e74656e745f54797065735d2e786d6c504b01021400140008080800c3b43c59a78c7abde3000000490200000b000000000000000000000000007c0100005f72656c732f2e72656c73504b01021400140008080800c3b43c59366e832193000000b8000000100000000000000000000000000098020000646f6350726f70732f6170702e786d6c504b01021400140008080800c3b43c59954516de06010000b0010000110000000000000000000000000069030000646f6350726f70732f636f72652e786d6c504b01021400140008080800c3b43c59d6708424f2010000350400001400000000000000000000000000ae040000786c2f736861726564537472696e67732e786d6c504b01021400140008080800c3b43c59eefa7e90db0100003f0800000d00000000000000000000000000e2060000786c2f7374796c65732e786d6c504b01021400140008080800c3b43c59b3cdf9fbdf000000620100000f00000000000000000000000000f8080000786c2f776f726b626f6f6b2e786d6c504b01021400140008080800c3b43c5986033b91d4000000330200001a00000000000000000000000000140a0000786c2f5f72656c732f776f726b626f6f6b2e786d6c2e72656c73504b01021400140008080800c3b43c59e94a082ac2020000ff0900001800000000000000000000000000300b0000786c2f776f726b7368656574732f7368656574312e786d6c504b050600000000090009003f020000380e00000000);

-- --------------------------------------------------------

--
-- Estructura de tabla para la tabla `barrios`
--

CREATE TABLE `barrios` (
  `ID` int NOT NULL,
  `nombre_barrio` varchar(100) NOT NULL,
  `id_municipio` int DEFAULT NULL
) ENGINE=InnoDB DEFAULT CHARSET=utf8mb4 COLLATE=utf8mb4_0900_ai_ci;

--
-- Volcado de datos para la tabla `barrios`
--

INSERT INTO `barrios` (`ID`, `nombre_barrio`, `id_municipio`) VALUES
(1, 'Barrio de Prueba', 1);

-- --------------------------------------------------------

--
-- Estructura de tabla para la tabla `claseformacion`
--

CREATE TABLE `claseformacion` (
  `ID` int NOT NULL,
  `NombreClase` varchar(50) CHARACTER SET utf8mb4 COLLATE utf8mb4_0900_ai_ci NOT NULL,
  `IDInstructor` int DEFAULT '0'
) ENGINE=InnoDB DEFAULT CHARSET=utf8mb4 COLLATE=utf8mb4_0900_ai_ci;

--
-- Volcado de datos para la tabla `claseformacion`
--

INSERT INTO `claseformacion` (`ID`, `NombreClase`, `IDInstructor`) VALUES
(1, 'Algoritmia', 8),
(2, 'Redes y Comunicaciones', 10),
(7, 'Desarrollo Web', 5);

-- --------------------------------------------------------

--
-- Estructura de tabla para la tabla `claseformacion_fichas`
--

CREATE TABLE `claseformacion_fichas` (
  `ID` int NOT NULL,
  `IDClaseFormacion` int NOT NULL,
  `IDFicha` int NOT NULL
) ENGINE=InnoDB DEFAULT CHARSET=utf8mb4 COLLATE=utf8mb4_0900_ai_ci;

--
-- Volcado de datos para la tabla `claseformacion_fichas`
--

INSERT INTO `claseformacion_fichas` (`ID`, `IDClaseFormacion`, `IDFicha`) VALUES
(1, 1, 1),
(2, 2, 3),
(3, 2, 2),
(4, 2, 1);

-- --------------------------------------------------------

--
-- Estructura de tabla para la tabla `departamentos`
--

CREATE TABLE `departamentos` (
  `ID` int NOT NULL,
  `nombre_departamento` varchar(100) NOT NULL
) ENGINE=InnoDB DEFAULT CHARSET=utf8mb4 COLLATE=utf8mb4_0900_ai_ci;

--
-- Volcado de datos para la tabla `departamentos`
--

INSERT INTO `departamentos` (`ID`, `nombre_departamento`) VALUES
(1, 'Departamento de Prueba');

-- --------------------------------------------------------

--
-- Estructura de tabla para la tabla `fichas`
--

CREATE TABLE `fichas` (
  `ID` int NOT NULL,
  `IDProgramaFormacion` int DEFAULT NULL,
  `NumeroFicha` int DEFAULT NULL
) ENGINE=InnoDB DEFAULT CHARSET=utf8mb4 COLLATE=utf8mb4_0900_ai_ci;

--
-- Volcado de datos para la tabla `fichas`
--

INSERT INTO `fichas` (`ID`, `IDProgramaFormacion`, `NumeroFicha`) VALUES
(1, 1, 2696521),
(2, 2, 2345678),
(3, 3, 3456789),
(4, 1, 2673126);

-- --------------------------------------------------------

--
-- Estructura de tabla para la tabla `genero`
--

CREATE TABLE `genero` (
  `ID` int NOT NULL,
  `TiposGeneros` varchar(255) DEFAULT NULL
) ENGINE=InnoDB DEFAULT CHARSET=utf8mb4 COLLATE=utf8mb4_0900_ai_ci;

--
-- Volcado de datos para la tabla `genero`
--

INSERT INTO `genero` (`ID`, `TiposGeneros`) VALUES
(1, 'Masculino'),
(2, 'Femenino'),
(3, 'No binario'),
(4, 'Otro');

-- --------------------------------------------------------

--
-- Estructura de tabla para la tabla `instructor`
--

CREATE TABLE `instructor` (
  `ID` int NOT NULL,
  `IDPerfilUsuario` int NOT NULL
) ENGINE=InnoDB DEFAULT CHARSET=utf8mb4 COLLATE=utf8mb4_0900_ai_ci;

--
-- Volcado de datos para la tabla `instructor`
--

INSERT INTO `instructor` (`ID`, `IDPerfilUsuario`) VALUES
(1, 3),
(4, 9),
(5, 11),
(8, 14),
(9, 15),
(10, 16);

-- --------------------------------------------------------

--
-- Estructura de tabla para la tabla `instructor_ficha`
--

CREATE TABLE `instructor_ficha` (
  `ID` int NOT NULL,
  `IDFicha` int NOT NULL,
  `IDInstructor` int NOT NULL
) ENGINE=InnoDB DEFAULT CHARSET=utf8mb4 COLLATE=utf8mb4_0900_ai_ci;

--
-- Volcado de datos para la tabla `instructor_ficha`
--

INSERT INTO `instructor_ficha` (`ID`, `IDFicha`, `IDInstructor`) VALUES
(16, 2, 4),
(17, 3, 4),
(30, 2, 8),
(31, 3, 8),
(32, 3, 9),
(33, 2, 9),
(40, 2, 5),
(43, 2, 10);

-- --------------------------------------------------------

--
-- Estructura de tabla para la tabla `jornadaformacion`
--

CREATE TABLE `jornadaformacion` (
  `ID` int NOT NULL,
  `JornadasFormacion` varchar(255) DEFAULT NULL
) ENGINE=InnoDB DEFAULT CHARSET=utf8mb4 COLLATE=utf8mb4_0900_ai_ci;

--
-- Volcado de datos para la tabla `jornadaformacion`
--

INSERT INTO `jornadaformacion` (`ID`, `JornadasFormacion`) VALUES
(1, 'Diurna'),
(2, 'Nocturna'),
(3, 'Mixta');

-- --------------------------------------------------------

--
-- Estructura de tabla para la tabla `municipios`
--

CREATE TABLE `municipios` (
  `ID` int NOT NULL,
  `nombre_municipio` varchar(100) NOT NULL,
  `id_departamento` int DEFAULT NULL
) ENGINE=InnoDB DEFAULT CHARSET=utf8mb4 COLLATE=utf8mb4_0900_ai_ci;

--
-- Volcado de datos para la tabla `municipios`
--

INSERT INTO `municipios` (`ID`, `nombre_municipio`, `id_departamento`) VALUES
(1, 'Municipio de Prueba', 1);

-- --------------------------------------------------------

--
-- Estructura de tabla para la tabla `nivelformacion`
--

CREATE TABLE `nivelformacion` (
  `ID` int NOT NULL,
  `NivelFormacion` varchar(255) DEFAULT NULL
) ENGINE=InnoDB DEFAULT CHARSET=utf8mb4 COLLATE=utf8mb4_0900_ai_ci;

--
-- Volcado de datos para la tabla `nivelformacion`
--

INSERT INTO `nivelformacion` (`ID`, `NivelFormacion`) VALUES
(1, 'Técnico'),
(2, 'Tecnólogo'),
(3, 'Especialización Tecnológica');

-- --------------------------------------------------------

--
-- Estructura de tabla para la tabla `perfilusuario`
--

CREATE TABLE `perfilusuario` (
  `ID` int NOT NULL,
  `IDUsuario` int NOT NULL,
  `Documento` varchar(12) CHARACTER SET utf8mb4 COLLATE utf8mb4_0900_ai_ci NOT NULL,
  `IDTipoDocumento` int NOT NULL,
  `Nombres` varchar(30) CHARACTER SET utf8mb4 COLLATE utf8mb4_0900_ai_ci NOT NULL,
  `Apellidos` varchar(30) CHARACTER SET utf8mb4 COLLATE utf8mb4_0900_ai_ci NOT NULL,
  `FecNacimiento` date NOT NULL,
  `Telefono` varchar(50) CHARACTER SET utf8mb4 COLLATE utf8mb4_0900_ai_ci NOT NULL,
  `Correo` varchar(250) CHARACTER SET utf8mb4 COLLATE utf8mb4_0900_ai_ci NOT NULL,
  `IDGenero` int NOT NULL,
  `IDRol` int NOT NULL,
  `IDBarrio` int NOT NULL
) ENGINE=InnoDB DEFAULT CHARSET=utf8mb4 COLLATE=utf8mb4_0900_ai_ci;

--
-- Volcado de datos para la tabla `perfilusuario`
--

INSERT INTO `perfilusuario` (`ID`, `IDUsuario`, `Documento`, `IDTipoDocumento`, `Nombres`, `Apellidos`, `FecNacimiento`, `Telefono`, `Correo`, `IDGenero`, `IDRol`, `IDBarrio`) VALUES
(2, 7, '1000000001', 1, 'Juan', 'Pérez', '1989-12-31', '3000000001', 'example@gmail.com', 1, 4, 1),
(3, 8, '2000000001', 1, 'María', 'Gómez', '1985-07-14', '3000000002', 'maria.gomez@example.com', 2, 2, 1),
(5, 16, '1097096255', 3, 'Jeisson Fernando', 'Leon Avila', '1990-05-08', '3168215154', 'jeissonfernandoleonavila@gmail.com', 3, 4, 1),
(7, 18, '0987652346', 4, 'juan', 'ernesto', '2008-04-03', '8765423123', 'eowaihjeoija@gmail.com', 1, 4, 1),
(8, 19, '287134623', 1, 'mria', 'torrez', '1999-05-04', '435345345', 'idauwgid@gnaowsdhn.cio', 2, 4, 1),
(9, 20, '29873464523', 3, 'ernesto alfonso', 'gutierrez', '1990-05-09', '234233412', 'ioadwbwa@gmail.com', 1, 2, 1),
(11, 22, '41234235252', 1, 'olivo', 'guevara', '2016-04-28', '234523423', 'dawda@gmail.com', 3, 2, 1),
(14, 26, '2345222111', 4, 'Juan Carriza', 'paes', '2022-03-04', '2352345623', '235bh25h3@gmail.com', 3, 2, 1),
(15, 27, '3476123647', 3, 'Pedronel', 'ezquiso', '2006-07-04', '2453463234', '9aebduadwg9@gmail.com', 3, 2, 1),
(16, 28, '238673262378', 3, 'lucia marin', 'homez arisa', '1996-03-02', '34563456', 'adb8w7g8w7@gmail.com', 2, 2, 1);

-- --------------------------------------------------------

--
-- Estructura de tabla para la tabla `programaformacion`
--

CREATE TABLE `programaformacion` (
  `ID` int NOT NULL,
  `ProgramaFormacion` varchar(255) DEFAULT NULL,
  `IDJornadaFormacion` int NOT NULL,
  `IDNivelFormacion` int NOT NULL,
  `IDSede` int NOT NULL,
  `IDArea` int NOT NULL
) ENGINE=InnoDB DEFAULT CHARSET=utf8mb4 COLLATE=utf8mb4_0900_ai_ci;

--
-- Volcado de datos para la tabla `programaformacion`
--

INSERT INTO `programaformacion` (`ID`, `ProgramaFormacion`, `IDJornadaFormacion`, `IDNivelFormacion`, `IDSede`, `IDArea`) VALUES
(1, 'Analisis y Desarrollo de Software', 1, 2, 1, 1),
(2, 'Gestión de Redes de Datos', 2, 2, 1, 1),
(3, 'Enfermería', 1, 1, 2, 2);

-- --------------------------------------------------------

--
-- Estructura de tabla para la tabla `registroactividad`
--

CREATE TABLE `registroactividad` (
  `ID` int NOT NULL,
  `IDRegistroAsistencia` int DEFAULT NULL,
  `HorasInasistencia` int DEFAULT '0',
  `IDAprendiz` int DEFAULT NULL,
  `IDSoporte` int DEFAULT NULL
) ENGINE=InnoDB DEFAULT CHARSET=utf8mb4 COLLATE=utf8mb4_0900_ai_ci;

--
-- Volcado de datos para la tabla `registroactividad`
--

INSERT INTO `registroactividad` (`ID`, `IDRegistroAsistencia`, `HorasInasistencia`, `IDAprendiz`, `IDSoporte`) VALUES
(5, 5, 5, 2, NULL),
(6, 5, 1, 3, NULL),
(7, 6, 5, 2, NULL),
(8, 6, 1, 3, NULL),
(9, 7, 5, 2, NULL),
(10, 7, 1, 3, NULL),
(11, 7, 5, 4, NULL),
(12, 7, 5, 5, NULL),
(13, 8, 5, 2, NULL),
(14, 8, 1, 3, NULL),
(15, 8, 5, 4, NULL),
(16, 8, 5, 5, NULL),
(17, 9, 5, 2, NULL),
(18, 9, 1, 3, NULL),
(19, 9, 5, 4, NULL),
(20, 9, 5, 5, NULL),
(21, 10, 5, 2, NULL),
(22, 10, 0, 3, NULL),
(23, 10, 5, 4, NULL),
(24, 10, 5, 5, NULL),
(25, 13, 5, 3, NULL),
(26, 14, 5, 2, NULL),
(27, 14, 5, 5, NULL),
(28, 15, 5, 2, NULL),
(29, 15, 0, 5, NULL);

-- --------------------------------------------------------

--
-- Estructura de tabla para la tabla `registroasistencias`
--

CREATE TABLE `registroasistencias` (
  `ID` int NOT NULL,
  `IDClaseFormacion` int DEFAULT NULL,
  `IDAmbiente` int DEFAULT NULL,
  `IDFicha` int DEFAULT NULL,
  `Fecha` datetime NOT NULL DEFAULT CURRENT_TIMESTAMP,
  `IDArchivo` int NOT NULL,
  `IDTipoActividad` int DEFAULT NULL
) ENGINE=InnoDB DEFAULT CHARSET=utf8mb4 COLLATE=utf8mb4_0900_ai_ci;

--
-- Volcado de datos para la tabla `registroasistencias`
--

INSERT INTO `registroasistencias` (`ID`, `IDClaseFormacion`, `IDAmbiente`, `IDFicha`, `Fecha`, `IDArchivo`, `IDTipoActividad`) VALUES
(5, 1, 1, 1, '2024-09-25 01:09:23', 14, 5),
(6, 1, 1, 1, '2024-09-25 01:15:04', 16, 5),
(7, 1, 1, 1, '2024-09-28 13:17:36', 17, 5),
(8, 1, 1, 1, '2024-09-28 13:19:36', 18, 5),
(9, 1, 1, 1, '2024-09-28 13:27:02', 19, 5),
(10, 2, 1, 1, '2024-09-28 18:09:12', 20, 5),
(13, 2, 1, 2, '2024-09-28 19:05:48', 23, 2),
(14, 2, 2, 1, '2024-09-28 22:24:19', 24, 2),
(15, 2, 1, 1, '2024-09-28 22:38:07', 25, 1);

-- --------------------------------------------------------

--
-- Estructura de tabla para la tabla `rol`
--

CREATE TABLE `rol` (
  `ID` int NOT NULL,
  `TipoRol` varchar(255) DEFAULT NULL
) ENGINE=InnoDB DEFAULT CHARSET=utf8mb4 COLLATE=utf8mb4_0900_ai_ci;

--
-- Volcado de datos para la tabla `rol`
--

INSERT INTO `rol` (`ID`, `TipoRol`) VALUES
(1, 'Administrador'),
(2, 'Instructor'),
(3, 'Coordinador'),
(4, 'Aprendiz');

-- --------------------------------------------------------

--
-- Estructura de tabla para la tabla `sede`
--

CREATE TABLE `sede` (
  `ID` int NOT NULL,
  `CentroFormacion` varchar(255) DEFAULT NULL
) ENGINE=InnoDB DEFAULT CHARSET=utf8mb4 COLLATE=utf8mb4_0900_ai_ci;

--
-- Volcado de datos para la tabla `sede`
--

INSERT INTO `sede` (`ID`, `CentroFormacion`) VALUES
(1, 'Centro de Formación Principal'),
(2, 'Centro Tecnológico');

-- --------------------------------------------------------

--
-- Estructura de tabla para la tabla `soporte`
--

CREATE TABLE `soporte` (
  `ID` int NOT NULL,
  `SoportePDF` mediumblob
) ENGINE=InnoDB DEFAULT CHARSET=utf8mb4 COLLATE=utf8mb4_0900_ai_ci;

-- --------------------------------------------------------

--
-- Estructura de tabla para la tabla `tipodocumento`
--

CREATE TABLE `tipodocumento` (
  `ID` int NOT NULL,
  `TipoDocumento` varchar(255) DEFAULT NULL
) ENGINE=InnoDB DEFAULT CHARSET=utf8mb4 COLLATE=utf8mb4_0900_ai_ci;

--
-- Volcado de datos para la tabla `tipodocumento`
--

INSERT INTO `tipodocumento` (`ID`, `TipoDocumento`) VALUES
(1, 'Cédula de Ciudadanía'),
(2, 'Tarjeta de Identidad'),
(3, 'Coordinador'),
(4, 'Pasaporte');

-- --------------------------------------------------------

--
-- Estructura de tabla para la tabla `usuario`
--

CREATE TABLE `usuario` (
  `ID` int NOT NULL,
  `Usuario` varchar(255) DEFAULT NULL,
  `Contraseña` varchar(255) DEFAULT NULL
) ENGINE=InnoDB DEFAULT CHARSET=utf8mb4 COLLATE=utf8mb4_0900_ai_ci;

--
-- Volcado de datos para la tabla `usuario`
--

INSERT INTO `usuario` (`ID`, `Usuario`, `Contraseña`) VALUES
(7, 'aprendiz1', '$2a$10$RX4IQb4E2o2nXWHk8V4Op.U1xQXeq4j10eh3I5m8hN3bGSy7I/Ugm'),
(8, 'instructor1', '$2a$10$bVLxrsSSmqqqqaFjxmNJ.uLfdR5bBh2bDuol1tMwABJPMo1g0Wy56'),
(9, 'instructor2', '$2a$10$TD/CKxTlwOBTdtiUnV8hreOEQikBUkg5Q59kc7TZKxy67JHeCqqMi'),
(16, 'jeisson123', '$2a$10$8yZKiDZXSadBgTkF9PmrkOg.iCYJgrMQTrOgTbLjkiiFUtUoVd8DW'),
(17, 'instructor4', '$2a$10$vsCn7OaZNDOJN4XoAWVIK.mNUD.6cmoWZNcw/sU3Oef3FVArXQa1C'),
(18, 'NuevoAprendiz', '$2a$10$it5pWBkMsgAaKf/ap9SPFOR.PNzrIRflmZKY3c84ofSihkTH8pU2u'),
(19, 'aprendizNuevo', '$2a$10$5V.dY9yD.8/hNzJmUkeQDuZQbuF.Vw158uZpkcX4cpRML1VmbTKmi'),
(20, 'instructor5', '$2a$10$35R1bvqtVKYbnWI7irivvuES63UQUvvvhJgIhK8zNy/K/cDcfEuy6'),
(21, 'aprendiz7', '$2a$10$FkIjunZUJY5LEXOsgBKAi.r8OKqxrl1RChBx1tCqfPIA9Z3BAsr9q'),
(22, 'nuevoInstructor8', '$2a$10$ap8MhWLdSaG8Htgcpm3jCOmZ4ww9.jZzmusvQaJ3NIPGU3d9GVNcq'),
(23, 'asdasdasd', '$2a$10$B2BnFNXvgIDgC0TtCjU/wOEjc6T.9CGlZTbq6RLr7D6Vsw5ukwS0.'),
(26, '23rg897y23', '$2a$10$m/lmm5ph35W.G./inH0EEu/vdmHRKZNfNukLOJoRkyfFRX9Vx6Uy2'),
(27, 'qa3763qb867t', '$2a$10$vgdez69vk/m1wllDtaqI8u6mX9xkejE7WrUK.09xuvKixH7Y84WmS'),
(28, 'Instructor', '$2a$10$wSYvJB./SO/1wgOKXNeRmO.Q9UWi9y/Bwm/0FE7Khmtj.rXLL81.2');

--
-- Índices para tablas volcadas
--

--
-- Indices de la tabla `actividad`
--
ALTER TABLE `actividad`
  ADD PRIMARY KEY (`ID`);

--
-- Indices de la tabla `administrador`
--
ALTER TABLE `administrador`
  ADD PRIMARY KEY (`ID`);

--
-- Indices de la tabla `ambientes`
--
ALTER TABLE `ambientes`
  ADD PRIMARY KEY (`ID`);

--
-- Indices de la tabla `aprendiz`
--
ALTER TABLE `aprendiz`
  ADD PRIMARY KEY (`ID`),
  ADD KEY `fk_IDFicha_Aprendiz` (`IDFicha`),
  ADD KEY `fk_IDPerfilUsuario_Aprendiz` (`IDPerfilUsuario`);

--
-- Indices de la tabla `areas`
--
ALTER TABLE `areas`
  ADD PRIMARY KEY (`ID`),
  ADD UNIQUE KEY `Area` (`Area`);

--
-- Indices de la tabla `asistencia`
--
ALTER TABLE `asistencia`
  ADD PRIMARY KEY (`ID`);

--
-- Indices de la tabla `barrios`
--
ALTER TABLE `barrios`
  ADD PRIMARY KEY (`ID`) USING BTREE,
  ADD KEY `id_municipio` (`id_municipio`);

--
-- Indices de la tabla `claseformacion`
--
ALTER TABLE `claseformacion`
  ADD PRIMARY KEY (`ID`),
  ADD UNIQUE KEY `NombreClase` (`NombreClase`),
  ADD KEY `fk_IDInstructor` (`IDInstructor`);

--
-- Indices de la tabla `claseformacion_fichas`
--
ALTER TABLE `claseformacion_fichas`
  ADD PRIMARY KEY (`ID`),
  ADD KEY `fk_IDClaseFormacion` (`IDClaseFormacion`),
  ADD KEY `fk_Ficha` (`IDFicha`);

--
-- Indices de la tabla `departamentos`
--
ALTER TABLE `departamentos`
  ADD PRIMARY KEY (`ID`) USING BTREE;

--
-- Indices de la tabla `fichas`
--
ALTER TABLE `fichas`
  ADD PRIMARY KEY (`ID`),
  ADD KEY `IDProgramaFormacion` (`IDProgramaFormacion`);

--
-- Indices de la tabla `genero`
--
ALTER TABLE `genero`
  ADD PRIMARY KEY (`ID`);

--
-- Indices de la tabla `instructor`
--
ALTER TABLE `instructor`
  ADD PRIMARY KEY (`ID`),
  ADD KEY `fk_IDPerfilUsuario_Instructor` (`IDPerfilUsuario`);

--
-- Indices de la tabla `instructor_ficha`
--
ALTER TABLE `instructor_ficha`
  ADD PRIMARY KEY (`ID`),
  ADD KEY `IDFicha` (`IDFicha`),
  ADD KEY `IDInstructor` (`IDInstructor`);

--
-- Indices de la tabla `jornadaformacion`
--
ALTER TABLE `jornadaformacion`
  ADD PRIMARY KEY (`ID`);

--
-- Indices de la tabla `municipios`
--
ALTER TABLE `municipios`
  ADD PRIMARY KEY (`ID`) USING BTREE,
  ADD KEY `id_departamento` (`id_departamento`);

--
-- Indices de la tabla `nivelformacion`
--
ALTER TABLE `nivelformacion`
  ADD PRIMARY KEY (`ID`);

--
-- Indices de la tabla `perfilusuario`
--
ALTER TABLE `perfilusuario`
  ADD PRIMARY KEY (`ID`),
  ADD KEY `IDUsuario` (`IDUsuario`),
  ADD KEY `IDTipoDocumento` (`IDTipoDocumento`),
  ADD KEY `IDGenero` (`IDGenero`),
  ADD KEY `IDRol` (`IDRol`),
  ADD KEY `fk_IDBarrio` (`IDBarrio`);

--
-- Indices de la tabla `programaformacion`
--
ALTER TABLE `programaformacion`
  ADD PRIMARY KEY (`ID`),
  ADD KEY `fk_IDJornadaFormacion_ProgramaFormacion` (`IDJornadaFormacion`),
  ADD KEY `fk_IDNivelFormacion_ProgramaFormacion` (`IDNivelFormacion`),
  ADD KEY `fk_IDSede_ProgramaFormacion` (`IDSede`),
  ADD KEY `fk_IDArea_ProgramaFormacion` (`IDArea`);

--
-- Indices de la tabla `registroactividad`
--
ALTER TABLE `registroactividad`
  ADD PRIMARY KEY (`ID`),
  ADD KEY `IDRegistroAsistencia` (`IDRegistroAsistencia`),
  ADD KEY `fk_IDAprendiz` (`IDAprendiz`),
  ADD KEY `fk_IDSoporte` (`IDSoporte`);

--
-- Indices de la tabla `registroasistencias`
--
ALTER TABLE `registroasistencias`
  ADD PRIMARY KEY (`ID`),
  ADD KEY `fk_claseFormacion` (`IDClaseFormacion`),
  ADD KEY `fk_Ambiente` (`IDAmbiente`),
  ADD KEY `fk_IDFicha` (`IDFicha`),
  ADD KEY `fk_id_ArchivoExcel` (`IDArchivo`),
  ADD KEY `fk_IDActividad` (`IDTipoActividad`);

--
-- Indices de la tabla `rol`
--
ALTER TABLE `rol`
  ADD PRIMARY KEY (`ID`);

--
-- Indices de la tabla `sede`
--
ALTER TABLE `sede`
  ADD PRIMARY KEY (`ID`);

--
-- Indices de la tabla `soporte`
--
ALTER TABLE `soporte`
  ADD PRIMARY KEY (`ID`);

--
-- Indices de la tabla `tipodocumento`
--
ALTER TABLE `tipodocumento`
  ADD PRIMARY KEY (`ID`);

--
-- Indices de la tabla `usuario`
--
ALTER TABLE `usuario`
  ADD PRIMARY KEY (`ID`);

--
-- AUTO_INCREMENT de las tablas volcadas
--

--
-- AUTO_INCREMENT de la tabla `actividad`
--
ALTER TABLE `actividad`
  MODIFY `ID` int NOT NULL AUTO_INCREMENT, AUTO_INCREMENT=7;

--
-- AUTO_INCREMENT de la tabla `administrador`
--
ALTER TABLE `administrador`
  MODIFY `ID` int NOT NULL AUTO_INCREMENT, AUTO_INCREMENT=5;

--
-- AUTO_INCREMENT de la tabla `ambientes`
--
ALTER TABLE `ambientes`
  MODIFY `ID` int NOT NULL AUTO_INCREMENT, AUTO_INCREMENT=5;

--
-- AUTO_INCREMENT de la tabla `aprendiz`
--
ALTER TABLE `aprendiz`
  MODIFY `ID` int NOT NULL AUTO_INCREMENT, AUTO_INCREMENT=7;

--
-- AUTO_INCREMENT de la tabla `areas`
--
ALTER TABLE `areas`
  MODIFY `ID` int NOT NULL AUTO_INCREMENT, AUTO_INCREMENT=6;

--
-- AUTO_INCREMENT de la tabla `asistencia`
--
ALTER TABLE `asistencia`
  MODIFY `ID` int NOT NULL AUTO_INCREMENT, AUTO_INCREMENT=26;

--
-- AUTO_INCREMENT de la tabla `barrios`
--
ALTER TABLE `barrios`
  MODIFY `ID` int NOT NULL AUTO_INCREMENT, AUTO_INCREMENT=2;

--
-- AUTO_INCREMENT de la tabla `claseformacion`
--
ALTER TABLE `claseformacion`
  MODIFY `ID` int NOT NULL AUTO_INCREMENT, AUTO_INCREMENT=8;

--
-- AUTO_INCREMENT de la tabla `claseformacion_fichas`
--
ALTER TABLE `claseformacion_fichas`
  MODIFY `ID` int NOT NULL AUTO_INCREMENT, AUTO_INCREMENT=6;

--
-- AUTO_INCREMENT de la tabla `departamentos`
--
ALTER TABLE `departamentos`
  MODIFY `ID` int NOT NULL AUTO_INCREMENT, AUTO_INCREMENT=3;

--
-- AUTO_INCREMENT de la tabla `fichas`
--
ALTER TABLE `fichas`
  MODIFY `ID` int NOT NULL AUTO_INCREMENT, AUTO_INCREMENT=5;

--
-- AUTO_INCREMENT de la tabla `genero`
--
ALTER TABLE `genero`
  MODIFY `ID` int NOT NULL AUTO_INCREMENT, AUTO_INCREMENT=6;

--
-- AUTO_INCREMENT de la tabla `instructor`
--
ALTER TABLE `instructor`
  MODIFY `ID` int NOT NULL AUTO_INCREMENT, AUTO_INCREMENT=11;

--
-- AUTO_INCREMENT de la tabla `instructor_ficha`
--
ALTER TABLE `instructor_ficha`
  MODIFY `ID` int NOT NULL AUTO_INCREMENT, AUTO_INCREMENT=44;

--
-- AUTO_INCREMENT de la tabla `jornadaformacion`
--
ALTER TABLE `jornadaformacion`
  MODIFY `ID` int NOT NULL AUTO_INCREMENT, AUTO_INCREMENT=6;

--
-- AUTO_INCREMENT de la tabla `municipios`
--
ALTER TABLE `municipios`
  MODIFY `ID` int NOT NULL AUTO_INCREMENT, AUTO_INCREMENT=4;

--
-- AUTO_INCREMENT de la tabla `nivelformacion`
--
ALTER TABLE `nivelformacion`
  MODIFY `ID` int NOT NULL AUTO_INCREMENT, AUTO_INCREMENT=5;

--
-- AUTO_INCREMENT de la tabla `perfilusuario`
--
ALTER TABLE `perfilusuario`
  MODIFY `ID` int NOT NULL AUTO_INCREMENT, AUTO_INCREMENT=17;

--
-- AUTO_INCREMENT de la tabla `programaformacion`
--
ALTER TABLE `programaformacion`
  MODIFY `ID` int NOT NULL AUTO_INCREMENT, AUTO_INCREMENT=4;

--
-- AUTO_INCREMENT de la tabla `registroactividad`
--
ALTER TABLE `registroactividad`
  MODIFY `ID` int NOT NULL AUTO_INCREMENT, AUTO_INCREMENT=30;

--
-- AUTO_INCREMENT de la tabla `registroasistencias`
--
ALTER TABLE `registroasistencias`
  MODIFY `ID` int NOT NULL AUTO_INCREMENT, AUTO_INCREMENT=16;

--
-- AUTO_INCREMENT de la tabla `rol`
--
ALTER TABLE `rol`
  MODIFY `ID` int NOT NULL AUTO_INCREMENT, AUTO_INCREMENT=8;

--
-- AUTO_INCREMENT de la tabla `sede`
--
ALTER TABLE `sede`
  MODIFY `ID` int NOT NULL AUTO_INCREMENT, AUTO_INCREMENT=4;

--
-- AUTO_INCREMENT de la tabla `soporte`
--
ALTER TABLE `soporte`
  MODIFY `ID` int NOT NULL AUTO_INCREMENT;

--
-- AUTO_INCREMENT de la tabla `tipodocumento`
--
ALTER TABLE `tipodocumento`
  MODIFY `ID` int NOT NULL AUTO_INCREMENT, AUTO_INCREMENT=22;

--
-- AUTO_INCREMENT de la tabla `usuario`
--
ALTER TABLE `usuario`
  MODIFY `ID` int NOT NULL AUTO_INCREMENT, AUTO_INCREMENT=29;

--
-- Restricciones para tablas volcadas
--

--
-- Filtros para la tabla `aprendiz`
--
ALTER TABLE `aprendiz`
  ADD CONSTRAINT `fk_IDFicha_Aprendiz` FOREIGN KEY (`IDFicha`) REFERENCES `fichas` (`ID`),
  ADD CONSTRAINT `fk_IDPerfilUsuario_Aprendiz` FOREIGN KEY (`IDPerfilUsuario`) REFERENCES `perfilusuario` (`ID`);

--
-- Filtros para la tabla `barrios`
--
ALTER TABLE `barrios`
  ADD CONSTRAINT `barrios_ibfk_1` FOREIGN KEY (`id_municipio`) REFERENCES `municipios` (`ID`) ON DELETE CASCADE;

--
-- Filtros para la tabla `claseformacion`
--
ALTER TABLE `claseformacion`
  ADD CONSTRAINT `fk_IDInstructor` FOREIGN KEY (`IDInstructor`) REFERENCES `instructor` (`ID`);

--
-- Filtros para la tabla `claseformacion_fichas`
--
ALTER TABLE `claseformacion_fichas`
  ADD CONSTRAINT `fk_Ficha` FOREIGN KEY (`IDFicha`) REFERENCES `fichas` (`ID`),
  ADD CONSTRAINT `fk_IDClaseFormacion` FOREIGN KEY (`IDClaseFormacion`) REFERENCES `claseformacion` (`ID`);

--
-- Filtros para la tabla `fichas`
--
ALTER TABLE `fichas`
  ADD CONSTRAINT `fichas_ibfk_1` FOREIGN KEY (`IDProgramaFormacion`) REFERENCES `programaformacion` (`ID`);

--
-- Filtros para la tabla `instructor`
--
ALTER TABLE `instructor`
  ADD CONSTRAINT `fk_IDPerfilUsuario_Instructor` FOREIGN KEY (`IDPerfilUsuario`) REFERENCES `perfilusuario` (`ID`);

--
-- Filtros para la tabla `instructor_ficha`
--
ALTER TABLE `instructor_ficha`
  ADD CONSTRAINT `instructor_ficha_ibfk_1` FOREIGN KEY (`IDFicha`) REFERENCES `fichas` (`ID`),
  ADD CONSTRAINT `instructor_ficha_ibfk_2` FOREIGN KEY (`IDInstructor`) REFERENCES `instructor` (`ID`);

--
-- Filtros para la tabla `municipios`
--
ALTER TABLE `municipios`
  ADD CONSTRAINT `municipios_ibfk_1` FOREIGN KEY (`id_departamento`) REFERENCES `departamentos` (`ID`) ON DELETE CASCADE;

--
-- Filtros para la tabla `perfilusuario`
--
ALTER TABLE `perfilusuario`
  ADD CONSTRAINT `fk_IDBarrio` FOREIGN KEY (`IDBarrio`) REFERENCES `barrios` (`ID`),
  ADD CONSTRAINT `perfilusuario_ibfk_1` FOREIGN KEY (`IDUsuario`) REFERENCES `usuario` (`ID`),
  ADD CONSTRAINT `perfilusuario_ibfk_2` FOREIGN KEY (`IDTipoDocumento`) REFERENCES `tipodocumento` (`ID`),
  ADD CONSTRAINT `perfilusuario_ibfk_3` FOREIGN KEY (`IDGenero`) REFERENCES `genero` (`ID`),
  ADD CONSTRAINT `perfilusuario_ibfk_8` FOREIGN KEY (`IDRol`) REFERENCES `rol` (`ID`);

--
-- Filtros para la tabla `programaformacion`
--
ALTER TABLE `programaformacion`
  ADD CONSTRAINT `fk_IDArea_ProgramaFormacion` FOREIGN KEY (`IDArea`) REFERENCES `areas` (`ID`),
  ADD CONSTRAINT `fk_IDJornadaFormacion_ProgramaFormacion` FOREIGN KEY (`IDJornadaFormacion`) REFERENCES `jornadaformacion` (`ID`),
  ADD CONSTRAINT `fk_IDNivelFormacion_ProgramaFormacion` FOREIGN KEY (`IDNivelFormacion`) REFERENCES `nivelformacion` (`ID`),
  ADD CONSTRAINT `fk_IDSede_ProgramaFormacion` FOREIGN KEY (`IDSede`) REFERENCES `sede` (`ID`);

--
-- Filtros para la tabla `registroactividad`
--
ALTER TABLE `registroactividad`
  ADD CONSTRAINT `fk_IDAprendiz` FOREIGN KEY (`IDAprendiz`) REFERENCES `aprendiz` (`ID`),
  ADD CONSTRAINT `fk_IDSoporte` FOREIGN KEY (`IDSoporte`) REFERENCES `soporte` (`ID`),
  ADD CONSTRAINT `registroactividad_ibfk_2` FOREIGN KEY (`IDRegistroAsistencia`) REFERENCES `registroasistencias` (`ID`);

--
-- Filtros para la tabla `registroasistencias`
--
ALTER TABLE `registroasistencias`
  ADD CONSTRAINT `fk_Ambiente` FOREIGN KEY (`IDAmbiente`) REFERENCES `ambientes` (`ID`),
  ADD CONSTRAINT `fk_claseFormacion` FOREIGN KEY (`IDClaseFormacion`) REFERENCES `claseformacion` (`ID`),
  ADD CONSTRAINT `fk_id_ArchivoExcel` FOREIGN KEY (`IDArchivo`) REFERENCES `asistencia` (`ID`),
  ADD CONSTRAINT `fk_IDActividad` FOREIGN KEY (`IDTipoActividad`) REFERENCES `actividad` (`ID`),
  ADD CONSTRAINT `fk_IDFicha` FOREIGN KEY (`IDFicha`) REFERENCES `fichas` (`ID`);
COMMIT;

/*!40101 SET CHARACTER_SET_CLIENT=@OLD_CHARACTER_SET_CLIENT */;
/*!40101 SET CHARACTER_SET_RESULTS=@OLD_CHARACTER_SET_RESULTS */;
/*!40101 SET COLLATION_CONNECTION=@OLD_COLLATION_CONNECTION */;
