-- phpMyAdmin SQL Dump
-- version 5.2.1
-- https://www.phpmyadmin.net/
--
-- Servidor: 127.0.0.1
-- Tiempo de generación: 28-06-2024 a las 17:04:01
-- Versión del servidor: 8.0.30
-- Versión de PHP: 8.1.10

SET SQL_MODE = "NO_AUTO_VALUE_ON_ZERO";
START TRANSACTION;
SET time_zone = "+00:00";


/*!40101 SET @OLD_CHARACTER_SET_CLIENT=@@CHARACTER_SET_CLIENT */;
/*!40101 SET @OLD_CHARACTER_SET_RESULTS=@@CHARACTER_SET_RESULTS */;
/*!40101 SET @OLD_COLLATION_CONNECTION=@@COLLATION_CONNECTION */;
/*!40101 SET NAMES utf8mb4 */;

--
-- Base de datos: `db_proyecto_asistencia`
--

-- --------------------------------------------------------

--
-- Estructura de tabla para la tabla `actividad`
--

CREATE TABLE `actividad` (
  `ID` int NOT NULL,
  `TipoActividad` varchar(255) DEFAULT NULL
) ENGINE=InnoDB DEFAULT CHARSET=utf8mb4 COLLATE=utf8mb4_0900_ai_ci;

-- --------------------------------------------------------

--
-- Estructura de tabla para la tabla `administrador`
--

CREATE TABLE `administrador` (
  `AdminUser` varchar(30) NOT NULL,
  `AdminPass` varchar(30) NOT NULL
) ENGINE=InnoDB DEFAULT CHARSET=utf8mb4 COLLATE=utf8mb4_0900_ai_ci;

--
-- Volcado de datos para la tabla `administrador`
--

INSERT INTO `administrador` (`AdminUser`, `AdminPass`) VALUES
('12345', '12345');

-- --------------------------------------------------------

--
-- Estructura de tabla para la tabla `ambientes`
--

CREATE TABLE `ambientes` (
  `ID` int NOT NULL,
  `Ambiente` varchar(250) DEFAULT NULL
) ENGINE=InnoDB DEFAULT CHARSET=utf8mb4 COLLATE=utf8mb4_0900_ai_ci;

--
-- Volcado de datos para la tabla `ambientes`
--

INSERT INTO `ambientes` (`ID`, `Ambiente`) VALUES
(1, 'No Aplica'),
(2, 'Desarrollo de software'),
(3, 'Fabrica de software'),
(4, 'Electricidad industrial');

-- --------------------------------------------------------

--
-- Estructura de tabla para la tabla `asistencia`
--

CREATE TABLE `asistencia` (
  `ID` int NOT NULL,
  `archivo_excel` longblob,
  `Fecha_Ingreso` datetime DEFAULT CURRENT_TIMESTAMP
) ENGINE=InnoDB DEFAULT CHARSET=utf8mb4 COLLATE=utf8mb4_0900_ai_ci;

--
-- Volcado de datos para la tabla `asistencia`
--

INSERT INTO `asistencia` (`ID`, `archivo_excel`, `Fecha_Ingreso`) VALUES
(1, 0x504b03041400060008000000210062ee9d685e01000090040000130008025b436f6e74656e745f54797065735d2e786d6c20a2040228a000020000000000000000000000000000000000000000000000000000000000000000000000000000000000000000000000000000000000000000000000000000000000000000000000000000000000000000000000000000000000000000000000000000000000000000000000000000000000000000000000000000000000000000000000000000000000000000000000000000000000000000000000000000000000000000000000000000000000000000000000000000000000000000000000000000000000000000000000000000000000000000000000000000000000000000000000000000000000000000000000000000000000000000000000000000000000000000000000000000000000000000000000000000000000000000000000000000000000000000000000000000000000000000000000000000000000000000000000000000000000000000000000000000000000000000000000000000000000000000000000000000000000000000000000000000000000000000000000000000000000000000000000000000000000000000000000000000000000000000000000000000000000000000000000000000000000000000000000000000000000000000000000000000000000000000000000000000000000000000000000000000000000000000000000000000000000000000000000000000000000000000ac94cb4ec3301045f748fc43e42d4adcb2400835ed82c7122a513ec0c493c6aa635b9e6969ff9e89fb1042a1156a37b112cfdc7b32f1cd68b26e6db68288c6bb520c8b81c8c0555e1b372fc5c7ec25bf171992725a59efa0141b4031195f5f8d669b009871b7c3523444e1414aac1a6815163e80e39ddac75611dfc6b90caa5aa839c8dbc1e04e56de1138caa9d310e3d113d46a69297b5ef3e32d49048b227bdc16765ea550215853296252b972fa974bbe7328b833d5606302de308690bd0eddcedf06bbbe371e4d341ab2a98af4aa5ac6906b2bbf7c5c7c7abf288e8bf450faba3615685f2d5b9e40812182d2d800506b8bb416ad326ecf7dc43f15a34ccbf0c220ddfb25e1131cc4df1b64ba9e8f90644e18226d2ce0a5c79e444f39372a827ea7c8c9b838c04fed631c7c6ea6d107e40445f8ff14f611e9baf3c04210c9c021247d87ede0c8e93b7becd0e55b83eef196e97f32fe060000ffff0300504b030414000600080000002100b5553023f40000004c0200000b0008025f72656c732f2e72656c7320a2040228a000020000000000000000000000000000000000000000000000000000000000000000000000000000000000000000000000000000000000000000000000000000000000000000000000000000000000000000000000000000000000000000000000000000000000000000000000000000000000000000000000000000000000000000000000000000000000000000000000000000000000000000000000000000000000000000000000000000000000000000000000000000000000000000000000000000000000000000000000000000000000000000000000000000000000000000000000000000000000000000000000000000000000000000000000000000000000000000000000000000000000000000000000000000000000000000000000000000000000000000000000000000000000000000000000000000000000000000000000000000000000000000000000000000000000000000000000000000000000000000000000000000000000000000000000000000000000000000000000000000000000000000000000000000000000000000000000000000000000000000000000000000000000000000000000000000000000000000000000000000000000000000000000000000000000000000000000000000000000000000000000000000000000000000000000000000000000000000000000000000000000000000ac924d4fc3300c86ef48fc87c8f7d5dd9010424b774148bb21547e8049dc0fb58da3241bddbf271c10541a8303477fbd7efccadbdd3c8deac821f6e234ac8b12143b23b677ad8697fa7175072a2672964671ace1c41176d5f5d5f699474a792876bd8f2aabb8a8a14bc9df2346d3f144b110cf2e571a0913a51c86163d99815ac64d59de62f8ae01d54253edad86b0b737a0ea93cf9b7fd796a6e90d3f88394cecd29915c8736267d9ae7cc86c21f5f91a5553683969b0629e723a22795f646cc0f3449bbf13fd7c2d4e9cc852223412f832cf47c725a0f57f5ab434f1cb9d79c43709c3abc8f0c9828b1fa8de010000ffff0300504b030414000600080000002100813e9497f3000000ba0200001a000801786c2f5f72656c732f776f726b626f6f6b2e786d6c2e72656c7320a2040128a0000100000000000000000000000000000000000000000000000000000000000000000000000000000000000000000000000000000000000000000000000000000000000000000000000000000000000000000000000000000000000000000000000000000000000000000000000000000000000000000000000000000000000000000000000000000000000000000000000000000000000000000000000000000000000000000000000000000000000000000000000000000000000000000000000000000000000000000000000000000000000000000000000000000000000000000000000000000000000000000000000000000000000000000000000000000000ac524d4bc43010bd0bfe8730779b761511d9742f22ec55eb0f08c9b429db2621337ef4df1b2aba5d58d64b2f036f8679efcdc776f7350ee20313f5c12ba88a12047a136cef3b056fcdf3cd030862edad1e8247051312eceaebabed0b0e9a7313b93e92c82c9e1438e6f828251987a3a62244f4b9d286346ace3075326a73d01dca4d59decbb4e480fa8453ecad82b4b7b7209a2966e5ffb943dbf6069f82791fd1f31909493c0d7900d1e8d4212bf8c145f608f2bcfc664d79ce6bc1a3fa0ce51cab4b1eaa353d7c86742087c8471f7f299273e5a299bb55efe17442fbca29bfdbf22ccbf4ef66e4c9c7d5df000000ffff0300504b030414000600080000002100b631d103a8020000370600000f000000786c2f776f726b626f6f6b2e786d6ca454db6ee230107d5f69ffc1f27b9a184a80a8a1a2a568917657a8dbcb0b12328e2156133b6b3b0554f5df779c1028e5a5db46e0db24c76766ceccc5e526cfd033d746281963721660c425538990ab18dfdf8dbd1e46c65299d04c491ee32d37f872f0fddbc55ae9a785524f0800a489716a6d11f9be6129cfa93953059760592a9d530b5bbdf24da1394d4ccab9cd33bf1504a19f5321718d10e98f60a8e552303e52acccb9b43588e619b540dfa4a2300d5ace3e029753fd54161e537901100b9109bbad4031ca59345949a5e92203b737a483361a7e21fc490043abb9094c2757e5826965d4d29e01b45f933ef19f043e214721d89cc6e06348e7bee6cfc2e570cf4a879f6415eeb1c2031809be8c46405a95562208de27d13a7b6e2d3cb8588a8c3fd4d245b4287ed3dc652ac328a3c6de24c2f224c65dd8aa353f3ad06571558a0cacada0ddeb637fb097f354a3842f6999d93b1072030f951186fd56c7bd09c21866966b492dbf56d2820e777e7d557315f675aa40e1e896ff2d85e65058a02ff01546ca22ba30536a5354ea2cc6d7d1ecde80fbb3472113b5368804b3a632cc6caa8746b8496d39b36a7ecb57c258ade6ee18483341676f244c4febe53f444c998b8c0fa1a9e9d7ebf761022f74d408756a3582f564f41392f5873e43ea4020c9aeb227901bd29e4ba623327fe9b4c26034ecb6bd6e40aebcf39b70ec0d8737575e3b1c0d0969f7876177fc0acee830628a9636dda9c241c7b8ed74fcdef48b6e1a0b09a25224071a2fc1eef1dcfc6e686cafce61d7ff1e045f9b837edc166dea8c541e6ddfacd755a21e456253905eaf1780c7f5d90f2e56297025adbe3b840a719c627cc465547319c3e3b9e1888bff864cd5638154352359d5c521edd0d05d0fae428c918edc3d7a92902a85cda78c660c6ac14deec5a032363d7ff00f0000ffff0300504b030414000600080000002100800a657260010000e602000014000000786c2f736861726564537472696e67732e786d6c7c924b4e03310c86f748dc21ca9ece03dad26a665055da05428845394048ccd428b1872453c18e1bb1e008dc8493301548488d60197ffefdf8e3eae2d959b1031f90a996c528970248b3416a6b79b7599f9c4b11a222a32c13d4f20582bc688e8faa10a218b4146ab98db19b6759d05b702a8cb8031ac8037ba7e2f0f46d163a0fca842d4074362bf37c9239852485e69e622dcba9143de1530fcb9f40299b2a6053c5e686ddbd875065b1a9b27de83bbce8c05a349c800d762c2e59f70e28f2a1ec4f70ebb9f5ca29b1decfadf1e39d0eb537b803fb0f5ff63e240dd7a0b7eab0d26ab0d424a9578021308935781a1c4ff8350c70b1439bd45b82e9ad1206c4ea397a458fe031492af2d9349f4dcaf138598c85ea2cea44b2014d6cb94d4659d8963d469776c98b793116dde8f3f5cd8d924f1311c17549b9c75e256eabe18228f573763e9d8ccf4ecb22f1d4828e1e351a657e5936dc69f3050000ffff0300504b030414000600080000002100834d6cc856070000c820000013000000786c2f7468656d652f7468656d65312e786d6cec595b8f1b35147e47e23f58f39ee63693cbaa29cab54bbbdb56ddb488476fe264dcf58c23dbd96d842aa1f2c40b1212205e9078e30121904002f1c28fa9d48acb8fe0d833c9d81b875ed82240bb915619e73bc7c7e71c7f3e737cf5ad870943a74448cad34e50bd52091049277c4ad37927b8371e955a01920aa753cc784a3ac18ac8e0ad6b6fbe7115efa9982404817c2af7702788955aec95cb7202c3585ee10b92c26f332e12ace051cccb5381cf406fc2cab54aa5514e304d0394e204d48e41064d09ba3d9bd10909aeadd50f19cc912aa907264c1c69e52497b1b0d393aa46c895ec33814e31eb0430d3949f8dc943152086a5821f3a41c5fc05e56b57cb782f17626a87ac2537327fb95c2e303da99939c5fc783369184661a3bbd16f004c6de386cd6163d8d8e833003c99c04a335b5c9dcd5a3fccb11628fbead13d680eea55076fe9af6fd9dc8df4c7c11b50a63fdcc28f467df0a28337a00c1f6de1a35ebb3770f51b50866f6ce19b95ee206c3afa0d2866343dd94257a246bdbf5eed0632e36cdf0b6f47e1a859cb951728c8864d76e929663c55bb722dc10fb818014003195634456ab520333c813cee63468f054507741e43e22d70ca250c576a9551a50efff52734df4c44f11ec196b4b60b2c915b43da1e2427822e5427b8015a030bf2f4a79f9e3cfee1c9e31f9f7cf0c193c7dfe6731b558edc3e4ee7b6dcef5f7dfcc717efa3dfbefff2f74f3ecda63e8f9736fed9371f3efbf997bf520f2b2e5cf1f4b3ef9efdf0ddd3cf3ffaf5eb4f3cdabb021fdbf0314d8844b7c819bacb1358a0c77e722c5e4e621c63ea48e018747b540f55ec006fad30f3e17ac475e17d012ce3035e5f3e706c3d8ac55251cfcc37e3c4011e72ce7a5c781d7053cf657978bc4ce7fec9c5d2c6ddc5f8d437771fa74e8087cb05d02bf5a9ecc7c431f30ec3a9c273921285f46ffc8410cfeadea5d4f1eb219d082ef94ca17729ea61ea75c9981e3b895408edd304e2b2f21908a1767c73781ff538f3ad7a404e5d246c0bcc3cc68f0973dc781d2f154e7c2ac73861b6c30fb08a7d461eadc4c4c60da58248cf09e368382552fa646e0b58af15f49bc030feb01fb255e22285a2273e9d0798731b39e027fd18270bafcd348d6decdbf2045214a33b5cf9e087dcdd21fa19e280d39de1be4f8913eee713c13d2057dba42241f42f4be189e575c2ddfdb862334c7c2cd31589c3ae5d41bdd9d15bce9dd43e2084e1333c2504dd7bdb63418f2f1c9f1746df888155f6892fb16e603757f5734a2441a6aed9a6c8032a9d943d2273bec39ec3d539e259e134c16297e65b10752775e194f352e96d3639b181b7281480902f5ea7dc96a0c34aeee12ead7762ec9c5dfa59faf375259cf8bdc81e837df9e065f725c890979601627f61df8c3173262812668ca1c0f0d12d8838e12f44f4b96ac4965eb999bb698b304061e4d43b094d9f5bfc9c2b7ba27fa6ecf117301750f0f815ff9d526717a5ec9f2b7076e1fe8365cd002fd33b044e926dcebaac6a2eab9ae07f5fd5ecdacb97b5cc652d7359cbf8debe5e4b2d53942f50d9145d1ed3f34976b67c6694b123b562e4409aae8f84379ae908064d3bcaf424372dc0450c5ff30693839b0b6c6490e0ea1daae2a3182fa0355435cdceb9cc55cf255a70091d23336c9aa9e49c6ed3775a26877c9a753aab55ddd5cc5c28b12ac62bd1661cba542a43379a45f76ea3def443e7a6cbba3640cbbe8c11d664ae11758f11cdf52044e1af8c302bbb102bda1e2b5a5afd3a54eb286e5c01a66da202afdc085ed43b4114661d6468c641793ed571ca9ac9ebe8eae05c68a4773993d9190025f63a038a48b7b5ad3b97a75797a5da0b44da31c24a37d7082b0d637811ceb3d36eb95f64acdb45481df3b42bd6bba130a3d97a1db1d624728e1b586a33054bd1592768d423b85799e045279841c718be260bc81da9dfba309bc3c5cb44896cc3bf0ab32c8454032ce3cce18674323648a82202319a7402bdfc4d36b0d47088b1ad5a0342f8d71ad7065af9b719074177834c6633325176d8ad11ede9ec11183ee30aefaf46fcd5c15a922f21dc47f1f40c1db3a5b88b21c5a266553b704a255c1c54336f4e29dc846d88acc8bf7307534ebbf65594c9a16c1cb3458cf313c526f30c6e4874638e79daf8c07acad70c0edd76e1f15c1fb07ffbd47dfe51ad3d67916671663aaca24f4d3f99bebe43deb2aa38441dab32ea36efd4b2e0baf69aeb2051bda7c4734edd1738102cd38ac91cd3b4c5db34ac393b1f754dbbc082c0f2446387df366784d713af7af283dcf9acd507c4baae34896f2ecded5b6d7efc00c86300f7874ba6a40925dc590b0c455f760399d1066c91872aaf11e11b5a0ada09deab44ddb05f8bfaa54a2b1a96c27a5829b5a26ebdd48da27a7518552b835eed111c2c2a4eaa5176613f822b0cb6caafedcdf8d6d57db2bea5b932e149999b2bf9b231dc5cdd576bced57d760d8fc6fa663e401448e7bd466dd4aeb77b8d52bbde1d95c241af556af71bbdd2a0d16f0e46837ed46a8f1e05e8d480c36ebd1f3686ad52a3daef97c246459bdf6a979a61add60d9bddd630ec3ecacb185879461fb92fc0bdc6ae6b7f020000ffff0300504b030414000600080000002100d549b711a7020000540600000d000000786c2f7374796c65732e786d6ca4556d6bdb3010fe3ed87f10faeeca76e32c09b6cbd2d450e8c6a01decab62cb89a85e8c2467cec6fefb4e765e1c3ab6d17e894ee7d373cfdd7352d29b4e0ab463c672ad321c5d85183155ea8aab4d86bf3e15c10c23eba8aaa8d08a6578cf2cbec9dfbf4baddb0bf6b865cc21805036c35be79a0521b6dc3249ed956e98822fb536923ad89a0db18d61b4b2fe9014240ec32991942b3c202c64f93f20929ae7b6094a2d1beaf89a0beef63d1646b25cdc6f9436742d806a174d6889ba686a62d4996392defb228fe4a5d156d7ee0a7089ae6b5eb29774e7644e68794602e4d721450909e38bda3bf34aa409316cc7bd7c384f6bad9c45a56e95033181a86fc1e259e9efaaf09fbc7388ca53fb03eda8004f84499e965a6883b8aa58c7aa0ccfbc4f51c986985b2af8da70efaca9e4623fb863efe8f53ec4490eddf74ee2991c160b87b810275eb1a7008e3c05011d33aa800d3ad84ffb06a453306b034c1ff78fe88da1fb284e4607489f304fd7da5430dbe78e1c5d792a58ed80a8e19bad5f9d6ee077ad9d03fdf3b4e274a31515be9401e46440392513e2d1cfffb7fa02bbab916a6521dd3db4106e926fc2d184420ee680376c3cfe186dc07e332ceaea4b7c401cd1be207d4a8fbcde19feec2fac80d93940a075cb85e3ea0f8401b3eace2d08bd02ce5fbebe39a72cd0898ad5b415eee9f431c367fb13ab782be353d417bed3ae87c8f0d97ef04a45539f8375eec1c278c18a5ac333fcf36ef961beba2be260162e67c1e49a25c13c59ae826472bb5cad8a791887b7bf464fc01b1e80fec5ca53b85a0b2be0993087620f253e9e7d191e6d06fafd8c02ed31f7793c0d3f26511814d761144ca67416cca6d749502451bc9a4e967749918cb827af7c28421245c393e3c9270bc725135c1db53a2a34f68248b0fd4b11e4a80439ff1de4bf010000ffff0300504b03041400060008000000210036776b62850200008007000018000000786c2f776f726b7368656574732f7368656574312e786d6c9c955d8fa2301486ef37d9ffd0f45e0ae8e84890c98c8e335e6cb2d9cfeb5a8a3402256dd5319bfdef7bc01169cd26668c22edd3f3b67d7b0ec40f6f6581f65c6921ab190e3c1f235e31998a6a33c33f7f2c07f7186943ab9416b2e2337ce41a3f249f3fc507a9b63ae7dc2050a8f40ce7c6d411219ae5bca4da9335af80645295d440536d88ae15a7691b541624f4fd3129a9a8f0492152b768c82c138c2f24db95bc322711c50b6a60fd3a17b53eab95ec16b992aaedae1e3059d620b1168530c75614a39245ab4d25155d17b0efb76044197a53f00de1373c4fd3f65fcd540aa6a49699f140999cd67cbdfd299912ca3aa5ebfddf24138c88e27bd11ce0452afcd89282bb4e2bbc880d3f2836eec41abb54b413e90cfff1df3f03f80f9a8b7fb99cd95f9cc4a980136e768514cf66f8318856434c92b8cd9f5f821f74ef1e19bafece0bce0c8739028c9af45c4bb96d06aea0cb6f42c955ecb24dcfaf0aada9e67359fc16a9c94100ca20e519dd15e6d239f582913f0eef3af44d1e5eb9d8e40602a0b74d85283d2eb866909b30a70783cf2b5e50439358c90382738605ea9a36551344d3ff4526316bc63ec26010d360c93ef163b2877db077f6d46781cde67d16da6cd167439b3df7d9c866cb3ebbb3d94b9f8d6df6da67139badfaecbe6304aceafc8264bcdd2f18dcf93575fceab3c031736e41c7cd85051d3b9f2de8f8b9b4a063e88b051d475f2de858bab2e0c553cb37a8bbdb7d83c19d6fc1e520da247cb2a0e3eadc82ae717d183a963f5bd0895c5ab2ae7116748db3a06b9c055de34e8f8853b1d674c3bf50b511954605cfda8a9e60a44e25ef7b706f64ddd4f904ca7f2d8d91e5b995c39b8e43f5fa1e4c974969ce8de631d4bd3b937f000000ffff0300504b030414000600080000002100bc34e054480100006602000011000801646f6350726f70732f636f72652e786d6c20a2040128a000010000000000000000000000000000000000000000000000000000000000000000000000000000000000000000000000000000000000000000000000000000000000000000000000000000000000000000000000000000000000000000000000000000000000000000000000000000000000000000000000000000000000000000000000000000000000000000000000000000000000000000000000000000000000000000000000000000000000000000000000000000000000000000000000000000000000000000000000000000000000000000000000000000000000000000000000000000000000000000000000000000000000000000000000000000000094925d4bc3301885ef05ff43c97d9b66737394b6c30f0682c38113c5bb90bcdb82cd0749b4dbbf376db7daa1375e36e7e4e93987e4f3bdaca22fb04e68552092a42802c534176a5ba097f5229ea1c879aa38adb482021dc0a1797979913393316d6165b501eb05b8289094cb9829d0ce7b9361ecd80e24754970a8206eb495d4874fbbc586b20fba053c4ad32996e029a79ee206189b9e888e48ce7aa4f9b4550be00c4305129477982404ff783d58e9febcd02a03a714fe6042a763dc219bb34eecdd7b277a635dd7493d6e6384fc04bf2d1f9fdbaab150cd560c50997396310bd46b5bde84b63b88564f0f391e1c371356d4f965587b2380df1eca664d11d6b042e7f8b71ca06d878e0c3c0aa9b2aec349791ddfddaf17a81ca5a3ab389dc684acc92c23936c327e6ffe7e76bf49d91dc863867f11af07c413a06c739fbf8cf21b0000ffff0300504b030414000600080000002100e119d9ec8d0100000903000010000801646f6350726f70732f6170702e786d6c20a2040128a00001000000000000000000000000000000000000000000000000000000000000000000000000000000000000000000000000000000000000000000000000000000000000000000000000000000000000000000000000000000000000000000000000000000000000000000000000000000000000000000000000000000000000000000000000000000000000000000000000000000000000000000000000000000000000000000000000000000000000000000000000000000000000000000000000000000000000000000000000000000000000000000000000000000000000000000000000000000000000000000000000000000000000000000000000000000009c92c16edb300c86ef03f60e86ee8d9c6e2886405651b41b72d8b000497be7643ad1a64886c818c9de66cfb2171b6da3a9b3eeb41bc99ffefde997cced711f8a0e33f9142b359f95aac0e852ede3b6528f9b4f571f54410cb186902256ea84a46eeddb376695538b993d522116912ab5636e175a93dbe11e68267214a549790f2c6ddeead434dee14372873d46d6d76579a3f1c8186bacafdab3a11a1d171dffaf699d5ccf474f9b532bc0d6dcb56df00e584e69bf789713a5868b8f4787c1e8a968846e8dee903d9f6c69f4b4356b0701efc5d83610088d7e199825421fda0a7c266b3a5e74e838e582fc4f89ed5a15df80b0c7a95407d94364c1ead7c666a8434b9ced327d072a6a2cdcef5fc11d42325af6466d28a79f4c6bffdece8705292e177b839147844bd28de780f4b55941e67f80cfa7e003c3883de2dc9127b93ee7e115e3707af9db5ffe9f7dfc418fed263d00e3738c9743b3de41c65a923fc77c1e98a52498436f72bf83b8c5fa79e7b5d05ffad3f8b2edfc6656be2be53e2733a35fdeb0fd030000ffff0300504b01022d001400060008000000210062ee9d685e010000900400001300000000000000000000000000000000005b436f6e74656e745f54797065735d2e786d6c504b01022d0014000600080000002100b5553023f40000004c0200000b00000000000000000000000000970300005f72656c732f2e72656c73504b01022d0014000600080000002100813e9497f3000000ba0200001a00000000000000000000000000bc060000786c2f5f72656c732f776f726b626f6f6b2e786d6c2e72656c73504b01022d0014000600080000002100b631d103a8020000370600000f00000000000000000000000000ef080000786c2f776f726b626f6f6b2e786d6c504b01022d0014000600080000002100800a657260010000e60200001400000000000000000000000000c40b0000786c2f736861726564537472696e67732e786d6c504b01022d0014000600080000002100834d6cc856070000c82000001300000000000000000000000000560d0000786c2f7468656d652f7468656d65312e786d6c504b01022d0014000600080000002100d549b711a7020000540600000d00000000000000000000000000dd140000786c2f7374796c65732e786d6c504b01022d001400060008000000210036776b6285020000800700001800000000000000000000000000af170000786c2f776f726b7368656574732f7368656574312e786d6c504b01022d0014000600080000002100bc34e054480100006602000011000000000000000000000000006a1a0000646f6350726f70732f636f72652e786d6c504b01022d0014000600080000002100e119d9ec8d010000090300001000000000000000000000000000e91c0000646f6350726f70732f6170702e786d6c504b0506000000000a000a0080020000ac1f00000000, '2024-06-11 13:16:57'),
(2, 0x504b03041400080808003271cb58000000000000000000000000130000005b436f6e74656e745f54797065735d2e786d6cb553cb6ec23010fc95c8d72a36f450551581431fc716a9f4035c7b9358f825afa1f0f75d07389452890a71f26366676657f664b671b65a4342137cc3c67cc42af02a68e3bb867d2c5eea7b5661965e4b1b3c346c0bc866d3c9621b012baaf5d8b03ee7f82004aa1e9c441e227842da909ccc744c9d88522d6507e27634ba132af80c3ed7b968b0e9e4095ab9b2b97adcdd17e986c918ad5132532cb1f6fa48b4de0bf20476e0606f22de108155cf1b52d9b54328327186c371613953dd1b0d26190dff8a16dad628d041ad1c957028aa1a741d13115336b0cf399729bf4a478282c87342519034bfc4fb301615129c65588817391e758b3181d4d803646739f632817ecf895ed3ef101b2b7e10ae98236fed892994000372cd09d0ca9d34fe94fb5748cbcf1096d7f32f0ec3fe2ffb0144312ce3430e317cefe937504b0708912c28bc3b0100001d040000504b03041400080808003271cb580000000000000000000000000b0000005f72656c732f2e72656c73ad92c14a033110865f25ccbd9b6d051169da8b08bd89d4071893d9ddb09b4c4846ddbebdc18bb66c41c1e33033dfff31c9763f8749bd532e9ea38175d382a268d9f9d81b78393eaeee4015c1e870e248064e5460bfdb3ed3845257cae0535195118b814124dd6b5dec40014bc38962ed749c034a2d73af13da117bd29bb6bdd5f92703ce99eae00ce4835b833a62ee490ccc93fee03cbe328f4dc5d6c629d16f42b9ebbca507b66f81a22c645f4c805e76d97cbb38b64f99eb26a6f4df32340b45476e956a0265f1f5e2578c6e168c2c67fa9bd2f547d181041d0a7e512f84f4d91fd87d02504b07086e32084be50000004a020000504b03041400080808003271cb5800000000000000000000000010000000646f6350726f70732f6170702e786d6c4d8ec10ac2301044ef82ff10726fb77a109134a52082277bd00f08e9d6069a4d4856e9e79b937a9c19e6f154b7fa45bc316517a895bbba9102c986d1d1b3958ffba53aca4e6f376a4821626287599407e556ceccf10490ed8cdee4bacc549629246fb8c4f484304dcee239d8974762d837cd017065a411c72a7e8152ab3ec6c559c34542f7d114a4186e5705ffbd829f83fe00504b0708366e832193000000b8000000504b03041400080808003271cb5800000000000000000000000011000000646f6350726f70732f636f72652e786d6c6d905d4bc3301486ff4ac87d9ba495e942db21ca40501c3851bc0bc9b12d361f24d16effdeb4ce0aea5d92f7390f276fb539e8017d800fbd35356639c5088cb4aa376d8d1ff7dbec02a310855162b0066a7c8480374d251d97d6c3ce5b073ef61050f298c0a5ab7117a3e38404d98116214f8449e1abf55ac474f52d7142be89164841e98a6888428928c824ccdc62c427a5928bd2bdfb6116284960000d2606c272467ed8085e877f07e664210fa15fa8711cf3b19cb9b41123cf77b70ff3f2596fa6bf4bc04d755273e94144502809783cba54c977f2545e5defb7b829687196d155c6d89ead395df3f2fca522bfe627e1d7d9fae63215d201dadddf4cdcf25c913f35379f504b07087d0edeae06010000b1010000504b03041400080808003271cb5800000000000000000000000014000000786c2f736861726564537472696e67732e786d6c7d934d4ec3301085f748dcc1f29e264d69daa034a82a748150c5a21c60ea0ce9207b1c6ca762c98d5870046ec24948d545a5bab0f47c6f7e9ec72e6fdf8d163b749e2ccfe470904a81ac6c4ddccce4f37a793595b7d5e545e97d10ca761c6672944bd131bd75b83804b289147d19f633b90da1bd4912afb668c00f6c8bdc9317eb0c84fee89ac4b70ea1f65bc4607492a5699e18209655e9a92a43b5b266e3d09749a8ca641f3a84e72d6a4db58dc09a5a2beeacea0c72b0a7f44ff0e46ce3c08058ee6753f4fdc5a79215ed50ffc3179df351dd25aa2d9c06ef7d803a923e20796f592cd13170cc1fb187f31de9a8de02eb4e83a851dcbf0707fc8a8e22d1302d26699167e37164cc0a6835a928658d8aadb64d34ca5c37d65130719734bb490bd10e7e3e3ecd204a1381d0b4b1f30ea2db7c828d8e8447a30bea6aa881cff8cc46d7e37c322dd2333ee7677dbe9ee90ffd2be5789fc574928faf47d930daa946151c29eac73ab2a4ff27d52f504b0708f9d88c466d01000055030000504b03041400080808003271cb580000000000000000000000000d000000786c2f7374796c65732e786d6ca592b16ec3201086f74a7d07c4dee064a8a2ca264325579d934a5d8939dba870584022bb4f5f304e934c1d3addddcffd1f87cfe56e349a9cc17965b1a2eb5541096063a5c2aea21f87fa694b77fcf1a1f461d2b0ef0102890ef415ed43185e18f34d0f46f8951d00e3496b9d112196ae637e7020a44f26a3d9a6289e99110a292ff1646a133c69ec0943450bca78d95abc2a6b9a055efa6f72163a2a69b6d8d6586d1d5128610459d16dd25018c85daf42aba353334f18a5a72c6f92304fbaf41985d62591e55be6e0a34969fd3bc4866681978308011cd6b1204b7e9806a8285a848c99fbfee896c27dbd3931dd38e6102f3e5a27e3166edf9f255e6a68433438d5f529063bb07418823531914a7416854ec88b634922b601adf769759fed1d7b6c49dec1bb4c9f9fa4e75fd238d092664c2e12ff9696d9ffc692b1bde7cf6876fdddf80f504b0708ae9193d645010000a3020000504b03041400080808003271cb580000000000000000000000000f000000786c2f776f726b626f6f6b2e786d6c8d90414fc3300c85ef48fc87c87796141082aae984849076e33076f712778dd624551c367e3e69a70e8e9caca7f7f9f9c9cdfadb0fe244895d0c1aaa950241c144ebc241c3e7f6fdee19d6eded4d738ee9b88ff1280a1f58439ff3584bc9a6278fbc8a2385e2743179cc45a683e431115aee89b21fe4bd524fd2a30b7049a8d37f3262d739436fd17c790af9129268c05cda72ef4686f6daec23098b99aa17f5a8a1c3810964db4cceced1997fc1490a34d99d688b7b0d6ae2e41f70eebc4c11d0938657769ccb671c8248b5b31ad2c63e8098994d91d59cb2accae558fb03504b0708b3cdf9fbdf00000062010000504b03041400080808003271cb580000000000000000000000001a000000786c2f5f72656c732f776f726b626f6f6b2e786d6c2e72656c73ad914d6bc3300c40ff8ad17d71d2c118a36e2f63d06b3f7e80b0953834b18da5b5cbbfafbbc3d640073bf4248cf07b0fb45c7f8d833a51e63e06034d5583a260a3eb4367e0b0ff787a05c582c1e1100319988861bd5a6e6940295fd8f78955610436e045d29bd66c3d8dc8554c14caa68d794429cfdce984f6881de9455dbfe87ccb8039536d9c81bc710da83de68ec4007bcce476924b1a57055c5653a2ff6863dbf696dea3fd1c29c81dbb9ec141df8f59dcc4c834d0e32bbea97fe99f7ff5e7988fec89e45a5e46f3e8921fc13546cfaebdba00504b070867eba2a8d500000034020000504b03041400080808003271cb5800000000000000000000000018000000786c2f776f726b7368656574732f7368656574312e786d6c75954b6fdb300c80ef03f61f04dd17c54ed2a485eda2cdfb3060d8badd159b7ea0b665486ab29f3fd9eb8c9ae26e22f451a43e0952f4f8bba9d915b4a9541bf36036e70cda5465555bc4fce7cbe1cb863f269f3f4537a55f4d0960994b684dcc4b6bbb07214c5a4223cd4c75d0ba995ce9465a17ea42984e83cc86a4a616e17c7e271a59b53c89b2aa81b6afc834e4317f0a1ece4b2e9268607f5570331fc6ac2f7d51eab50fce59cc5d8b565e7e400da905175bfd067db6f0d20f4337df34cb20976fb5fdae6e27a88ad2ba9daedc56ff95dc492b9348ab1bd36ec63598f683a7c0158ab9e1ccf44593e89acc23717585d277e2d9278229b1f589704aec7c623125f63eb19c12079f584d89a34fdc4d89934faca7c4d9273623219cbd5161382a0cbd947ba4d0270264794b2048f38e4090e73d8120d1070241a68f0482549f0804b93e13c89a56b918552efc9c0d72492048f7d64742a47b472048f79e28845d12aba0133912ab609704825d12c87f5c2e47974bbf39d4ff3381a0bbb0f511ef5e12aba02dee09046df14014c2f79240b04b02c12e0904bb141f5ecc4e16f055eaa26a0dbb286b55e3d266eb1567b95216741fb9e329dd37300635e476a038d37f9fe2616c55f79edbbfe4e36f93fc01504b0708ef4b4f88d1010000a1060000504b010214001400080808003271cb58912c28bc3b0100001d0400001300000000000000000000000000000000005b436f6e74656e745f54797065735d2e786d6c504b010214001400080808003271cb586e32084be50000004a0200000b000000000000000000000000007c0100005f72656c732f2e72656c73504b010214001400080808003271cb58366e832193000000b800000010000000000000000000000000009a020000646f6350726f70732f6170702e786d6c504b010214001400080808003271cb587d0edeae06010000b101000011000000000000000000000000006b030000646f6350726f70732f636f72652e786d6c504b010214001400080808003271cb58f9d88c466d010000550300001400000000000000000000000000b0040000786c2f736861726564537472696e67732e786d6c504b010214001400080808003271cb58ae9193d645010000a30200000d000000000000000000000000005f060000786c2f7374796c65732e786d6c504b010214001400080808003271cb58b3cdf9fbdf000000620100000f00000000000000000000000000df070000786c2f776f726b626f6f6b2e786d6c504b010214001400080808003271cb5867eba2a8d5000000340200001a00000000000000000000000000fb080000786c2f5f72656c732f776f726b626f6f6b2e786d6c2e72656c73504b010214001400080808003271cb58ef4b4f88d1010000a10600001800000000000000000000000000180a0000786c2f776f726b7368656574732f7368656574312e786d6c504b050600000000090009003f0200002f0c00000000, '2024-06-11 14:09:37'),
(3, 0x504b0304140008080800bc83cb58000000000000000000000000130000005b436f6e74656e745f54797065735d2e786d6cb553cb6ec23010fc95c8d72a36f450551581431fc716a9f4035c7b9358f825afa1f0f75d07389452890a71f26366676657f664b671b65a4342137cc3c67cc42af02a68e3bb867d2c5eea7b5661965e4b1b3c346c0bc866d3c9621b012baaf5d8b03ee7f82004aa1e9c441e227842da909ccc744c9d88522d6507e27634ba132af80c3ed7b968b0e9e4095ab9b2b97adcdd17e986c918ad5132532cb1f6fa48b4de0bf20476e0606f22de108155cf1b52d9b54328327186c371613953dd1b0d26190dff8a16dad628d041ad1c957028aa1a741d13115336b0cf399729bf4a478282c87342519034bfc4fb301615129c65588817391e758b3181d4d803646739f632817ecf895ed3ef101b2b7e10ae98236fed892994000372cd09d0ca9d34fe94fb5748cbcf1096d7f32f0ec3fe2ffb0144312ce3430e317cefe937504b0708912c28bc3b0100001d040000504b0304140008080800bc83cb580000000000000000000000000b0000005f72656c732f2e72656c73ad92c14a033110865f25ccbd9b6d051169da8b08bd89d4071893d9ddb09b4c4846ddbebdc18bb66c41c1e33033dfff31c9763f8749bd532e9ea38175d382a268d9f9d81b78393eaeee4015c1e870e248064e5460bfdb3ed3845257cae0535195118b814124dd6b5dec40014bc38962ed749c034a2d73af13da117bd29bb6bdd5f92703ce99eae00ce4835b833a62ee490ccc93fee03cbe328f4dc5d6c629d16f42b9ebbca507b66f81a22c645f4c805e76d97cbb38b64f99eb26a6f4df32340b45476e956a0265f1f5e2578c6e168c2c67fa9bd2f547d181041d0a7e512f84f4d91fd87d02504b07086e32084be50000004a020000504b0304140008080800bc83cb5800000000000000000000000010000000646f6350726f70732f6170702e786d6c4d8ec10ac2301044ef82ff10726fb77a109134a52082277bd00f08e9d6069a4d4856e9e79b937a9c19e6f154b7fa45bc316517a895bbba9102c986d1d1b3958ffba53aca4e6f376a4821626287599407e556ceccf10490ed8cdee4bacc549629246fb8c4f484304dcee239d8974762d837cd017065a411c72a7e8152ab3ec6c559c34542f7d114a4186e5705ffbd829f83fe00504b0708366e832193000000b8000000504b0304140008080800bc83cb5800000000000000000000000011000000646f6350726f70732f636f72652e786d6c6d90d14ac43010457f25e4bd9da6abab86b68b280b82e28215c5b7908c6db14d4212edeedf9bd6b582fa96e49e394c6eb1d90f3df940e73ba34bcad28c12d4d2a84e37257dacb7c939253e08ad446f3496f4809e6eaa425a2e8dc39d33165de8d093e8d19e4b5bd23604cb01bc6c71103e8d848ee1ab718308f1ea1ab042be890621cfb2350c18841241c0244cec62a447a5928bd2bebb7e162809d8e3803a786029831f36a01bfcbf0373b2907bdf2dd4388ee9b89ab9b81183e7bbdb8779f9a4d3d3df25d2aa38aab97428022a12053c1c6cace43b795a5d5dd75b5ae5597e9264eb84b13a673cbfe0a7672f05fc9a9f845f67e3aacb58488b64777f3371cb73017f6aae3e01504b07084d787ef207010000b1010000504b0304140008080800bc83cb5800000000000000000000000014000000786c2f736861726564537472696e67732e786d6c7d92414ec3301045f748dcc1ca9e38ad6869519aaa2acd02a18a453980718664903d636ca7ea921bb1e008dc8493908a05a8162cfddff7f71f8dcbe5c11ab1071f9069918df22213409a1ba476913decea8b59b6accecfca10a2d0dc531c4cb34cf4842f3dac7f842186c222eb6274d75206dd8155216707349027f656c5e1e85b199c07d5840e205a23c74531955621655519b02a63b565fbe821943256a53c4adff2ca8131d8700276e858dcb0ee2d50e453fa27b8f7dc7a6595a88fdd347ebcd3a9658b7b30fff075ef43925b83eed4a9b809513589f5163004265183274529bf8301aef66892bc3534bd51a201b13944afe8193c26a65131bf2ae6d3f164920cc64239833ab9b2034d6cb84daa28d3b2c768d3578acbebf15cb8fcf3f5cde6c9d24444b0ee579c1cfe51f505504b0708f0481e972e01000075020000504b0304140008080800bc83cb580000000000000000000000000d000000786c2f7374796c65732e786d6ca592b16ec3201086f74a7d07c4dee064a8a2ca264325579d934a5d8939dba870584022bb4f5f304e934c1d3addddcffd1f87cfe56e349a9cc17965b1a2eb5541096063a5c2aea21f87fa694b77fcf1a1f461d2b0ef0102890ef415ed43185e18f34d0f46f8951d00e3496b9d112196ae637e7020a44f26a3d9a6289e99110a292ff1646a133c69ec0943450bca78d95abc2a6b9a055efa6f72163a2a69b6d8d6586d1d5128610459d16dd25018c85daf42aba353334f18a5a72c6f92304fbaf41985d62591e55be6e0a34969fd3bc4866681978308011cd6b1204b7e9806a8285a848c99fbfee896c27dbd3931dd38e6102f3e5a27e3166edf9f255e6a68433438d5f529063bb07418823531914a7416854ec88b634922b601adf769759fed1d7b6c49dec1bb4c9f9fa4e75fd238d092664c2e12ff9696d9ffc692b1bde7cf6876fdddf80f504b0708ae9193d645010000a3020000504b0304140008080800bc83cb580000000000000000000000000f000000786c2f776f726b626f6f6b2e786d6c8d90414fc3300c85ef48fc87c87796141082aae984849076e33076f712778dd624551c367e3e69a70e8e9caca7f7f9f9c9cdfadb0fe244895d0c1aaa950241c144ebc241c3e7f6fdee19d6eded4d738ee9b88ff1280a1f58439ff3584bc9a6278fbc8a2385e2743179cc45a683e431115aee89b21fe4bd524fd2a30b7049a8d37f3262d739436fd17c790af9129268c05cda72ef4686f6daec23098b99aa17f5a8a1c3810964db4cceced1997fc1490a34d99d688b7b0d6ae2e41f70eebc4c11d0938657769ccb671c8248b5b31ad2c63e8098994d91d59cb2accae558fb03504b0708b3cdf9fbdf00000062010000504b0304140008080800bc83cb580000000000000000000000001a000000786c2f5f72656c732f776f726b626f6f6b2e786d6c2e72656c73ad914d6bc3300c40ff8ad17d71d2c118a36e2f63d06b3f7e80b0953834b18da5b5cbbfafbbc3d640073bf4248cf07b0fb45c7f8d833a51e63e06034d5583a260a3eb4367e0b0ff787a05c582c1e1100319988861bd5a6e6940295fd8f78955610436e045d29bd66c3d8dc8554c14caa68d794429cfdce984f6881de9455dbfe87ccb8039536d9c81bc710da83de68ec4007bcce476924b1a57055c5653a2ff6863dbf696dea3fd1c29c81dbb9ec141df8f59dcc4c834d0e32bbea97fe99f7ff5e7988fec89e45a5e46f3e8921fc13546cfaebdba00504b070867eba2a8d500000034020000504b0304140008080800bc83cb5800000000000000000000000018000000786c2f776f726b7368656574732f7368656574312e786d6c6dd35d6f82301406e0fb25fb0f4def6701e77406304e45b958b2ecebbec2e12302256d95fdfc15e688b4dcf5a4cfc969dfb4eeeaa72cd005b8c859e5617b62610455c4e2bc4a3dfcf5193c2cf0cabfbf731bc64f220390483554c2c39994f5921011655052316135546a2761bca452953c25a2e640e3aea92c8863594fa4a479857d37ce4ba8da898843e2e1b5bd0c1d4c7cb7b3df3934e2668ddad147c64e6d11c61e564794f4f801054412542df919da6e62b407dd69de388a21a1e742beb3e600799a4975d399baeaffc82d95d477396b10573bea8051bb58db6a90870546a21deabb17df72c9450d8aaee2c514f6506c4ce10cc5d614d3a1d899e271280253cc86626f8aa7a13898623e14a12916bd202abd3e42a78fd0315a9eb5084d616b296f468816f376846839ef468816743042b4a4f723448bfa3042b4acc31132d7a224372fb3a629bc529ee695404726252b55db643ec328614c026fab294699fa6e7d5140223b8511ff7bf2dd5ab2fadadbfe98fe57fbbf504b0708893806f67801000009040000504b01021400140008080800bc83cb58912c28bc3b0100001d0400001300000000000000000000000000000000005b436f6e74656e745f54797065735d2e786d6c504b01021400140008080800bc83cb586e32084be50000004a0200000b000000000000000000000000007c0100005f72656c732f2e72656c73504b01021400140008080800bc83cb58366e832193000000b800000010000000000000000000000000009a020000646f6350726f70732f6170702e786d6c504b01021400140008080800bc83cb584d787ef207010000b101000011000000000000000000000000006b030000646f6350726f70732f636f72652e786d6c504b01021400140008080800bc83cb58f0481e972e010000750200001400000000000000000000000000b1040000786c2f736861726564537472696e67732e786d6c504b01021400140008080800bc83cb58ae9193d645010000a30200000d0000000000000000000000000021060000786c2f7374796c65732e786d6c504b01021400140008080800bc83cb58b3cdf9fbdf000000620100000f00000000000000000000000000a1070000786c2f776f726b626f6f6b2e786d6c504b01021400140008080800bc83cb5867eba2a8d5000000340200001a00000000000000000000000000bd080000786c2f5f72656c732f776f726b626f6f6b2e786d6c2e72656c73504b01021400140008080800bc83cb58893806f678010000090400001800000000000000000000000000da090000786c2f776f726b7368656574732f7368656574312e786d6c504b050600000000090009003f020000980b00000000, '2024-06-11 16:29:57'),
(4, 0x504b03041400080808001789cb58000000000000000000000000130000005b436f6e74656e745f54797065735d2e786d6cb553cb6ec23010fc95c8d72a36f450551581431fc716a9f4035c7b9358f825afa1f0f75d07389452890a71f26366676657f664b671b65a4342137cc3c67cc42af02a68e3bb867d2c5eea7b5661965e4b1b3c346c0bc866d3c9621b012baaf5d8b03ee7f82004aa1e9c441e227842da909ccc744c9d88522d6507e27634ba132af80c3ed7b968b0e9e4095ab9b2b97adcdd17e986c918ad5132532cb1f6fa48b4de0bf20476e0606f22de108155cf1b52d9b54328327186c371613953dd1b0d26190dff8a16dad628d041ad1c957028aa1a741d13115336b0cf399729bf4a478282c87342519034bfc4fb301615129c65588817391e758b3181d4d803646739f632817ecf895ed3ef101b2b7e10ae98236fed892994000372cd09d0ca9d34fe94fb5748cbcf1096d7f32f0ec3fe2ffb0144312ce3430e317cefe937504b0708912c28bc3b0100001d040000504b03041400080808001789cb580000000000000000000000000b0000005f72656c732f2e72656c73ad92c14a033110865f25ccbd9b6d051169da8b08bd89d4071893d9ddb09b4c4846ddbebdc18bb66c41c1e33033dfff31c9763f8749bd532e9ea38175d382a268d9f9d81b78393eaeee4015c1e870e248064e5460bfdb3ed3845257cae0535195118b814124dd6b5dec40014bc38962ed749c034a2d73af13da117bd29bb6bdd5f92703ce99eae00ce4835b833a62ee490ccc93fee03cbe328f4dc5d6c629d16f42b9ebbca507b66f81a22c645f4c805e76d97cbb38b64f99eb26a6f4df32340b45476e956a0265f1f5e2578c6e168c2c67fa9bd2f547d181041d0a7e512f84f4d91fd87d02504b07086e32084be50000004a020000504b03041400080808001789cb5800000000000000000000000010000000646f6350726f70732f6170702e786d6c4d8ec10ac2301044ef82ff10726fb77a109134a52082277bd00f08e9d6069a4d4856e9e79b937a9c19e6f154b7fa45bc316517a895bbba9102c986d1d1b3958ffba53aca4e6f376a4821626287599407e556ceccf10490ed8cdee4bacc549629246fb8c4f484304dcee239d8974762d837cd017065a411c72a7e8152ab3ec6c559c34542f7d114a4186e5705ffbd829f83fe00504b0708366e832193000000b8000000504b03041400080808001789cb5800000000000000000000000011000000646f6350726f70732f636f72652e786d6c6d905d4bc3301486ff4ac87d9ba41b6584b6439481a03870a2781792635b6c3e48a2ddfebd699d159c7749dee73c9cbcd5f6a807f4093ef4d6d498e5142330d2aadeb4357e3aecb20d46210aa3c4600dd4f804016f9b4a3a2ead87bdb70e7cec21a0e431814b57e32e46c70909b2032d429e0893c237ebb588e9ea5be2847c172d9082d2926888428928c824ccdc62c467a5928bd27df86116284960000d2606c272467ed9085e877f07e664218fa15fa8711cf37135736923465eeeef1ee7e5b3de4c7f97809beaace6d28388a05012f07872a9929fe479757d73d8e1a6a0c53aa365c6d8a12838ddf075f95a913ff393f0fb6c7d73950ae900ed1f6e276e79aec845cdcd17504b0708fcb3715c06010000b1010000504b03041400080808001789cb5800000000000000000000000014000000786c2f736861726564537472696e67732e786d6c7d924b4ec3301086f748dcc1f29e244d5f6995a4aa42bb605175510e30b587c4951fc176aa2eb9110b8ec04d3809a94002d585a5ff6f3cf3cf235f9c942447b44e185dd0419450829a192e745dd0c7ddfa2ea38bf2f62677ce13663aed0b9a4e29e9b478eeb0fa164694f469b42b68e37d3b8f63c71a54e022d3a2eec993b10a7cffb475ec5a8bc05d83e8958cd32499c40a84a665ee4499fb7263d4dea2cb635fe6f159fa92972d4a29b809c04eb486dc1bd629d4de5cd23fc1d69ada8202b23e7b63e2fd4d5f866cc411e53fbceaac0bf2ae91357029ae9c071e843e7410e4dcc25e068115f24e02e1482ad171e0a0455062900e47e3c9349b25411b86402b050bbef460791580ac8d155e855592f13cc9481b7dbcbcaa285811f102551bd83f5ce913fa9bd0e1f47e3a5d9dbc057d401b9a9865d3c978344c07c19825326f0513fd8c823341a68d34f5af92717fd3e527504b07089cf790915201000001030000504b03041400080808001789cb580000000000000000000000000d000000786c2f7374796c65732e786d6ca592b16ec3201086f74a7d07c4dee064a8a2ca264325579d934a5d8939dba870584022bb4f5f304e934c1d3addddcffd1f87cfe56e349a9cc17965b1a2eb5541096063a5c2aea21f87fa694b77fcf1a1f461d2b0ef0102890ef415ed43185e18f34d0f46f8951d00e3496b9d112196ae637e7020a44f26a3d9a6289e99110a292ff1646a133c69ec0943450bca78d95abc2a6b9a055efa6f72163a2a69b6d8d6586d1d5128610459d16dd25018c85daf42aba353334f18a5a72c6f92304fbaf41985d62591e55be6e0a34969fd3bc4866681978308011cd6b1204b7e9806a8285a848c99fbfee896c27dbd3931dd38e6102f3e5a27e3166edf9f255e6a68433438d5f529063bb07418823531914a7416854ec88b634922b601adf769759fed1d7b6c49dec1bb4c9f9fa4e75fd238d092664c2e12ff9696d9ffc692b1bde7cf6876fdddf80f504b0708ae9193d645010000a3020000504b03041400080808001789cb580000000000000000000000000f000000786c2f776f726b626f6f6b2e786d6c8d90414fc3300c85ef48fc87c87796141082aae984849076e33076f712778dd624551c367e3e69a70e8e9caca7f7f9f9c9cdfadb0fe244895d0c1aaa950241c144ebc241c3e7f6fdee19d6eded4d738ee9b88ff1280a1f58439ff3584bc9a6278fbc8a2385e2743179cc45a683e431115aee89b21fe4bd524fd2a30b7049a8d37f3262d739436fd17c790af9129268c05cda72ef4686f6daec23098b99aa17f5a8a1c3810964db4cceced1997fc1490a34d99d688b7b0d6ae2e41f70eebc4c11d0938657769ccb671c8248b5b31ad2c63e8098994d91d59cb2accae558fb03504b0708b3cdf9fbdf00000062010000504b03041400080808001789cb580000000000000000000000001a000000786c2f5f72656c732f776f726b626f6f6b2e786d6c2e72656c73ad914d6bc3300c40ff8ad17d71d2c118a36e2f63d06b3f7e80b0953834b18da5b5cbbfafbbc3d640073bf4248cf07b0fb45c7f8d833a51e63e06034d5583a260a3eb4367e0b0ff787a05c582c1e1100319988861bd5a6e6940295fd8f78955610436e045d29bd66c3d8dc8554c14caa68d794429cfdce984f6881de9455dbfe87ccb8039536d9c81bc710da83de68ec4007bcce476924b1a57055c5653a2ff6863dbf696dea3fd1c29c81dbb9ec141df8f59dcc4c834d0e32bbea97fe99f7ff5e7988fec89e45a5e46f3e8921fc13546cfaebdba00504b070867eba2a8d500000034020000504b03041400080808001789cb5800000000000000000000000018000000786c2f776f726b7368656574732f7368656574312e786d6c6d945d4f83301486ef4dfc0f4def5d07736e1ac0e836b65d9818bfee3b387c44a0a4ad9b3fdf8293c869ef7ad2e7e59c3e0927b8ffae2b7204a94ad184d49b4c2981261169d9e4217d7f8baf96f43ebabc084e427eaa024013136854480baddb3bc6545240cdd544b4d0989b4cc89a6b53ca9ca956024ffb505d317f3abd61352f1b1a05695943d3752412b2903e7877fb196551d0b31f259cd4bf33e95a1f84f8ec8a7d1a5233a2e68757a820d1606a2dbfa04b332b1ef7d33c4b9242c6bf2afd224e3b28f3429b97cecd53ff5aaeb9e65120c589487363064cbac383671a855451a2baa651708ca6013b9a46c99978b4096f4cac6cc21f136b9b988d898d4d5c8f89d826e663626b1337636267138b31b1b789e54030636f50e80f0a7d2b728b14da84872caf1c08d2bc7620c8f3c68120d1b10341a6b70e04a9de3910e47aef40166e95b341e5ccce2c914b078274af6cc447bad70e04e9de3810a43b762048f7d6312e76e940b04b07825db27f7f79cb7378e2322f1b450e426b519bd86431a724134283ec2af3c9c2acaea1a820d33d4589fc5d1ffd598bf69cedb6cfb021a31f504b0708b825c152a301000055050000504b010214001400080808001789cb58912c28bc3b0100001d0400001300000000000000000000000000000000005b436f6e74656e745f54797065735d2e786d6c504b010214001400080808001789cb586e32084be50000004a0200000b000000000000000000000000007c0100005f72656c732f2e72656c73504b010214001400080808001789cb58366e832193000000b800000010000000000000000000000000009a020000646f6350726f70732f6170702e786d6c504b010214001400080808001789cb58fcb3715c06010000b101000011000000000000000000000000006b030000646f6350726f70732f636f72652e786d6c504b010214001400080808001789cb589cf7909152010000010300001400000000000000000000000000b0040000786c2f736861726564537472696e67732e786d6c504b010214001400080808001789cb58ae9193d645010000a30200000d0000000000000000000000000044060000786c2f7374796c65732e786d6c504b010214001400080808001789cb58b3cdf9fbdf000000620100000f00000000000000000000000000c4070000786c2f776f726b626f6f6b2e786d6c504b010214001400080808001789cb5867eba2a8d5000000340200001a00000000000000000000000000e0080000786c2f5f72656c732f776f726b626f6f6b2e786d6c2e72656c73504b010214001400080808001789cb58b825c152a3010000550500001800000000000000000000000000fd090000786c2f776f726b7368656574732f7368656574312e786d6c504b050600000000090009003f020000e60b00000000, '2024-06-11 17:08:47'),
(5, 0x504b0304140008080800c28ccb58000000000000000000000000130000005b436f6e74656e745f54797065735d2e786d6cb553cb6ec23010fc95c8d72a36f450551581431fc716a9f4035c7b9358f825afa1f0f75d07389452890a71f26366676657f664b671b65a4342137cc3c67cc42af02a68e3bb867d2c5eea7b5661965e4b1b3c346c0bc866d3c9621b012baaf5d8b03ee7f82004aa1e9c441e227842da909ccc744c9d88522d6507e27634ba132af80c3ed7b968b0e9e4095ab9b2b97adcdd17e986c918ad5132532cb1f6fa48b4de0bf20476e0606f22de108155cf1b52d9b54328327186c371613953dd1b0d26190dff8a16dad628d041ad1c957028aa1a741d13115336b0cf399729bf4a478282c87342519034bfc4fb301615129c65588817391e758b3181d4d803646739f632817ecf895ed3ef101b2b7e10ae98236fed892994000372cd09d0ca9d34fe94fb5748cbcf1096d7f32f0ec3fe2ffb0144312ce3430e317cefe937504b0708912c28bc3b0100001d040000504b0304140008080800c28ccb580000000000000000000000000b0000005f72656c732f2e72656c73ad92c14a033110865f25ccbd9b6d051169da8b08bd89d4071893d9ddb09b4c4846ddbebdc18bb66c41c1e33033dfff31c9763f8749bd532e9ea38175d382a268d9f9d81b78393eaeee4015c1e870e248064e5460bfdb3ed3845257cae0535195118b814124dd6b5dec40014bc38962ed749c034a2d73af13da117bd29bb6bdd5f92703ce99eae00ce4835b833a62ee490ccc93fee03cbe328f4dc5d6c629d16f42b9ebbca507b66f81a22c645f4c805e76d97cbb38b64f99eb26a6f4df32340b45476e956a0265f1f5e2578c6e168c2c67fa9bd2f547d181041d0a7e512f84f4d91fd87d02504b07086e32084be50000004a020000504b0304140008080800c28ccb5800000000000000000000000010000000646f6350726f70732f6170702e786d6c4d8ec10ac2301044ef82ff10726fb77a109134a52082277bd00f08e9d6069a4d4856e9e79b937a9c19e6f154b7fa45bc316517a895bbba9102c986d1d1b3958ffba53aca4e6f376a4821626287599407e556ceccf10490ed8cdee4bacc549629246fb8c4f484304dcee239d8974762d837cd017065a411c72a7e8152ab3ec6c559c34542f7d114a4186e5705ffbd829f83fe00504b0708366e832193000000b8000000504b0304140008080800c28ccb5800000000000000000000000011000000646f6350726f70732f636f72652e786d6c6d905d4bc3301486ff4ac87d9ba4953142db21ca40501c5851bc0bc9b12d361f24d16effdeb4ce0aea5d92f7390f276fb53bea117d800f8335356639c5088cb46a305d8d1fdb7db6c52844619418ad811a9f20e05d5349c7a5f570f0d6818f0304943c2670e96adcc7e8382141f6a045c8136152f86abd16315d7d479c906fa2035250ba211aa250220a320b33b71af159a9e4aa74ef7e5c044a121841838981b09c911f3682d7e1df812559c96318566a9aa67c2a172e6dc4c8f3ddedc3b27c3698f9ef1270539dd55c7a1011144a021e4f2e55f29d3c9557d7ed1e37052d2e32bac9186b8b82975b4ecb978afc9a9f855f67eb9bcb54480fe8707f3373eb7345fed4dc7c02504b07085f31246f06010000b1010000504b0304140008080800c28ccb5800000000000000000000000014000000786c2f736861726564537472696e67732e786d6c7d93416edb301045f7057a0782fb9ab26cc976202b309c7811146980b8079850539b06396448cac83237eaa247e84d7a92d2c92288e864a9ff469ffcf3a5e6f2c96876441f94a5251f8f0ace90a4ed14ed96fce776f36dce2fdbaf5f9a102293b6a7b8e4d38ab39ed4638feb57615272966c282cf93e46772144907b341046d62125f2cb7a03313dfa9d08ce2374618f188d166551d4c28022de3641b54d6c6fad79f0181a11db469ca45779e5506bd5d90c6c95b3eccacade20453ba41f823b6f771e0cb0cde96e52fdfd43c3915b7544fd095ff73e64be1b947b188ad72142978d3a78d09908695994db6ec11f3002eb905d3f450f7440afb27316f3d9a41cd7d534dbded5fd8fcc1225596d77c3b3c4bba9a2ba9854cc8dfe3dff36a3cc964585c665b7bde921dbd6ddb9b46bec7afd926aadfa0e3aa03cd4b89c4cab7a365f1459419681d34a66af24b03a0b4e69ea8fd2dca00ac112dba027a0bcafef98e0eaa87466fb16e39372c6c562562ceab2aa86e470665da9cad4636a33fb9634cae89554695d6f4ca4ffb3fd0f504b07081e6b73ea8d010000cd030000504b0304140008080800c28ccb580000000000000000000000000d000000786c2f7374796c65732e786d6ca592b16ec3201086f74a7d07c4dee064a8a2ca264325579d934a5d8939dba870584022bb4f5f304e934c1d3addddcffd1f87cfe56e349a9cc17965b1a2eb5541096063a5c2aea21f87fa694b77fcf1a1f461d2b0ef0102890ef415ed43185e18f34d0f46f8951d00e3496b9d112196ae637e7020a44f26a3d9a6289e99110a292ff1646a133c69ec0943450bca78d95abc2a6b9a055efa6f72163a2a69b6d8d6586d1d5128610459d16dd25018c85daf42aba353334f18a5a72c6f92304fbaf41985d62591e55be6e0a34969fd3bc4866681978308011cd6b1204b7e9806a8285a848c99fbfee896c27dbd3931dd38e6102f3e5a27e3166edf9f255e6a68433438d5f529063bb07418823531914a7416854ec88b634922b601adf769759fed1d7b6c49dec1bb4c9f9fa4e75fd238d092664c2e12ff9696d9ffc692b1bde7cf6876fdddf80f504b0708ae9193d645010000a3020000504b0304140008080800c28ccb580000000000000000000000000f000000786c2f776f726b626f6f6b2e786d6c8d90414fc3300c85ef48fc87c87796141082aae984849076e33076f712778dd624551c367e3e69a70e8e9caca7f7f9f9c9cdfadb0fe244895d0c1aaa950241c144ebc241c3e7f6fdee19d6eded4d738ee9b88ff1280a1f58439ff3584bc9a6278fbc8a2385e2743179cc45a683e431115aee89b21fe4bd524fd2a30b7049a8d37f3262d739436fd17c790af9129268c05cda72ef4686f6daec23098b99aa17f5a8a1c3810964db4cceced1997fc1490a34d99d688b7b0d6ae2e41f70eebc4c11d0938657769ccb671c8248b5b31ad2c63e8098994d91d59cb2accae558fb03504b0708b3cdf9fbdf00000062010000504b0304140008080800c28ccb580000000000000000000000001a000000786c2f5f72656c732f776f726b626f6f6b2e786d6c2e72656c73ad914d6bc3300c40ff8ad17d71d2c118a36e2f63d06b3f7e80b0953834b18da5b5cbbfafbbc3d640073bf4248cf07b0fb45c7f8d833a51e63e06034d5583a260a3eb4367e0b0ff787a05c582c1e1100319988861bd5a6e6940295fd8f78955610436e045d29bd66c3d8dc8554c14caa68d794429cfdce984f6881de9455dbfe87ccb8039536d9c81bc710da83de68ec4007bcce476924b1a57055c5653a2ff6863dbf696dea3fd1c29c81dbb9ec141df8f59dcc4c834d0e32bbea97fe99f7ff5e7988fec89e45a5e46f3e8921fc13546cfaebdba00504b070867eba2a8d500000034020000504b0304140008080800c28ccb5800000000000000000000000018000000786c2f776f726b7368656574732f7368656574312e786d6c75955b6f9b301480df27ed3f587e5f1c4868b20aa8da00491e264dbbbd3b602e2a6064bbc97efe0ced50393e7df311dfb9f0d996c387bf5d4bae42e946f611f5566b4a449fcba2e9ab88fefe957dd9d387f8f3a7f026d5b3ae8530c426f43aa2b531c33d633aaf45c7f54a0ea2b75f4aa93a6e6ca82aa60725783125752df3d7eb3bd6f1a6a77158349de8c78e448932a28fdefd39a02c0e27f64f236efadd9a8cad2f523e8fc1b988a81dd1f0cb4fd18adc081b1bf522c66ce6a467d334df152944c95f5af343de4ea2a96a63ff34b0bffabf65c20d8f43256f44d92f76c07c5c3c7ab6514435257a6c1a87d7781db2ab6d94bf114f2ee12d89834bf84b227189cd92485d62bb2432970896c4d125ee96c4c925764be2ec12fb9960d6deacd09f15fa4eca57a0d0253c60f9802040738220c0738a2040748620c0f4114180ea138200d76704d9e12a37b3ca8d9bb3072e1104e83eb8880f7427080274a7080274670802741f9171a14ba40ad8913352e50397dbd9e5d62d0b3a3f2108d8c50382802b932008d8b41441a04b1771ce258240974823e812a9f281cb607619b865e11d7711e78e2355a04b17d9802a298280a39b21b3409708025d22e342974815e892bd7b7d065e896f5c554dafc9451a233b9bb6dad92aa59446a831b247bdb64fea1cb4a2341345897a7dd6a6b591c35beef82ace2f77fc0f504b07084afdbfb1f9010000ed070000504b01021400140008080800c28ccb58912c28bc3b0100001d0400001300000000000000000000000000000000005b436f6e74656e745f54797065735d2e786d6c504b01021400140008080800c28ccb586e32084be50000004a0200000b000000000000000000000000007c0100005f72656c732f2e72656c73504b01021400140008080800c28ccb58366e832193000000b800000010000000000000000000000000009a020000646f6350726f70732f6170702e786d6c504b01021400140008080800c28ccb585f31246f06010000b101000011000000000000000000000000006b030000646f6350726f70732f636f72652e786d6c504b01021400140008080800c28ccb581e6b73ea8d010000cd0300001400000000000000000000000000b0040000786c2f736861726564537472696e67732e786d6c504b01021400140008080800c28ccb58ae9193d645010000a30200000d000000000000000000000000007f060000786c2f7374796c65732e786d6c504b01021400140008080800c28ccb58b3cdf9fbdf000000620100000f00000000000000000000000000ff070000786c2f776f726b626f6f6b2e786d6c504b01021400140008080800c28ccb5867eba2a8d5000000340200001a000000000000000000000000001b090000786c2f5f72656c732f776f726b626f6f6b2e786d6c2e72656c73504b01021400140008080800c28ccb584afdbfb1f9010000ed0700001800000000000000000000000000380a0000786c2f776f726b7368656574732f7368656574312e786d6c504b050600000000090009003f020000770c00000000, '2024-06-11 17:38:04');
INSERT INTO `asistencia` (`ID`, `archivo_excel`, `Fecha_Ingreso`) VALUES
(6, 0x504b0304140008080800e6a0cb58000000000000000000000000130000005b436f6e74656e745f54797065735d2e786d6cb553cb6ec23010fc95c8d72a36f450551581431fc716a9f4035c7b9358f825afa1f0f75d07389452890a71f26366676657f664b671b65a4342137cc3c67cc42af02a68e3bb867d2c5eea7b5661965e4b1b3c346c0bc866d3c9621b012baaf5d8b03ee7f82004aa1e9c441e227842da909ccc744c9d88522d6507e27634ba132af80c3ed7b968b0e9e4095ab9b2b97adcdd17e986c918ad5132532cb1f6fa48b4de0bf20476e0606f22de108155cf1b52d9b54328327186c371613953dd1b0d26190dff8a16dad628d041ad1c957028aa1a741d13115336b0cf399729bf4a478282c87342519034bfc4fb301615129c65588817391e758b3181d4d803646739f632817ecf895ed3ef101b2b7e10ae98236fed892994000372cd09d0ca9d34fe94fb5748cbcf1096d7f32f0ec3fe2ffb0144312ce3430e317cefe937504b0708912c28bc3b0100001d040000504b0304140008080800e6a0cb580000000000000000000000000b0000005f72656c732f2e72656c73ad92c14a033110865f25ccbd9b6d051169da8b08bd89d4071893d9ddb09b4c4846ddbebdc18bb66c41c1e33033dfff31c9763f8749bd532e9ea38175d382a268d9f9d81b78393eaeee4015c1e870e248064e5460bfdb3ed3845257cae0535195118b814124dd6b5dec40014bc38962ed749c034a2d73af13da117bd29bb6bdd5f92703ce99eae00ce4835b833a62ee490ccc93fee03cbe328f4dc5d6c629d16f42b9ebbca507b66f81a22c645f4c805e76d97cbb38b64f99eb26a6f4df32340b45476e956a0265f1f5e2578c6e168c2c67fa9bd2f547d181041d0a7e512f84f4d91fd87d02504b07086e32084be50000004a020000504b0304140008080800e6a0cb5800000000000000000000000010000000646f6350726f70732f6170702e786d6c4d8ec10ac2301044ef82ff10726fb77a109134a52082277bd00f08e9d6069a4d4856e9e79b937a9c19e6f154b7fa45bc316517a895bbba9102c986d1d1b3958ffba53aca4e6f376a4821626287599407e556ceccf10490ed8cdee4bacc549629246fb8c4f484304dcee239d8974762d837cd017065a411c72a7e8152ab3ec6c559c34542f7d114a4186e5705ffbd829f83fe00504b0708366e832193000000b8000000504b0304140008080800e6a0cb5800000000000000000000000011000000646f6350726f70732f636f72652e786d6c6d905d4bc3301486ff4ac97d7b924ea684b6439481a03870a2781792635b6c3e48a2ddfebd699d15d4bb24ef731e4ede6a73d043f6813ef4d6d48415946468a455bd696bf2b8dfe617240b511825066bb026470c64d354d271693deebc75e8638f214b1e13b87435e962741c20c80eb50845224c0a5fadd722a6ab6fc109f9265a8492d235688c4289286012e66e31929352c945e9defd300b94041c50a3890158c1e0878de875f877604e16f210fa851ac7b1185733973662f07c77fb302f9ff766fabb44d2542735971e45449525018f47972af94e9e5657d7fb2d694a5a9ee5749db3724f19a7e79c952f15fc9a9f845f67eb9bcb544887d9eefe66e296e70afed4dc7c02504b0708147ee1cd06010000b1010000504b0304140008080800e6a0cb5800000000000000000000000014000000786c2f736861726564537472696e67732e786d6c7d924d4ec3301085f748dcc1f29e244d7f925649aa2ab40b165517e500537b485cf927d84ed5253762c111b809272115ac6ae8d2ef1bbf373376b13c2b494e689d30baa4a328a10435335ce8a6a4cffbcd434e97d5fd5de19c27ccf4da9734cd28e9b578edb1fe1526940c36da95b4f5be5bc4b1632d2a7091e9500fe4c558057e38da26769d45e0ae45f44ac66992cc620542d3aa70a22a7cb535ea60d115b1af8af822fdc8ab0ea514dc04602f3a431e0deb156a6faee9bf60674d634101d95c7a63e2f3435f976cc509e50d5ef7d605be1b642d5c8b6be78107a5c71e024f1876a543d71a792f817024ebb3b7a08f68459032cfb3d974324e4741bc44e6ad6082030fd6874c1b699a20126463acf02acc49f24592912efa7a7b5751f04ec40b545d60f7f4c7b03b38c81ba3d6a21f1a061d76304ac793e92ccbe749f066864027050bae0c607505e2e14f57df504b070889484ba04e01000001030000504b0304140008080800e6a0cb580000000000000000000000000d000000786c2f7374796c65732e786d6ca592b16ec3201086f74a7d07c4dee064a8a2ca264325579d934a5d8939dba870584022bb4f5f304e934c1d3addddcffd1f87cfe56e349a9cc17965b1a2eb5541096063a5c2aea21f87fa694b77fcf1a1f461d2b0ef0102890ef415ed43185e18f34d0f46f8951d00e3496b9d112196ae637e7020a44f26a3d9a6289e99110a292ff1646a133c69ec0943450bca78d95abc2a6b9a055efa6f72163a2a69b6d8d6586d1d5128610459d16dd25018c85daf42aba353334f18a5a72c6f92304fbaf41985d62591e55be6e0a34969fd3bc4866681978308011cd6b1204b7e9806a8285a848c99fbfee896c27dbd3931dd38e6102f3e5a27e3166edf9f255e6a68433438d5f529063bb07418823531914a7416854ec88b634922b601adf769759fed1d7b6c49dec1bb4c9f9fa4e75fd238d092664c2e12ff9696d9ffc692b1bde7cf6876fdddf80f504b0708ae9193d645010000a3020000504b0304140008080800e6a0cb580000000000000000000000000f000000786c2f776f726b626f6f6b2e786d6c8d90414fc3300c85ef48fc87c87796141082aae984849076e33076f712778dd624551c367e3e69a70e8e9caca7f7f9f9c9cdfadb0fe244895d0c1aaa950241c144ebc241c3e7f6fdee19d6eded4d738ee9b88ff1280a1f58439ff3584bc9a6278fbc8a2385e2743179cc45a683e431115aee89b21fe4bd524fd2a30b7049a8d37f3262d739436fd17c790af9129268c05cda72ef4686f6daec23098b99aa17f5a8a1c3810964db4cceced1997fc1490a34d99d688b7b0d6ae2e41f70eebc4c11d0938657769ccb671c8248b5b31ad2c63e8098994d91d59cb2accae558fb03504b0708b3cdf9fbdf00000062010000504b0304140008080800e6a0cb580000000000000000000000001a000000786c2f5f72656c732f776f726b626f6f6b2e786d6c2e72656c73ad914d6bc3300c40ff8ad17d71d2c118a36e2f63d06b3f7e80b0953834b18da5b5cbbfafbbc3d640073bf4248cf07b0fb45c7f8d833a51e63e06034d5583a260a3eb4367e0b0ff787a05c582c1e1100319988861bd5a6e6940295fd8f78955610436e045d29bd66c3d8dc8554c14caa68d794429cfdce984f6881de9455dbfe87ccb8039536d9c81bc710da83de68ec4007bcce476924b1a57055c5653a2ff6863dbf696dea3fd1c29c81dbb9ec141df8f59dcc4c834d0e32bbea97fe99f7ff5e7988fec89e45a5e46f3e8921fc13546cfaebdba00504b070867eba2a8d500000034020000504b0304140008080800e6a0cb5800000000000000000000000018000000786c2f776f726b7368656574732f7368656574312e786d6c6d945d4f83301486ef4dfc0f4def5d07736e1ac0e836b65d9818bfee3b387c44a0a4ad9b3fdf8293c869ef7ad2e7e59c3e0927b8ffae2b7204a94ad184d49b4c2981261169d9e4217d7f8baf96f43ebabc084e427eaa024013136854480baddb3bc6545240cdd544b4d0989b4cc89a6b53ca9ca956024ffb505d317f3abd61352f1b1a05695943d3752412b2903e7877fb196551d0b31f259cd4bf33e95a1f84f8ec8a7d1a5233a2e68757a820d1606a2dbfa04b332b1ef7d33c4b9242c6bf2afd224e3b28f3429b97cecd53ff5aaeb9e65120c589487363064cbac383671a855451a2baa651708ca6013b9a46c99978b4096f4cac6cc21f136b9b988d898d4d5c8f89d826e663626b1337636267138b31b1b789e54030636f50e80f0a7d2b728b14da84872caf1c08d2bc7620c8f3c68120d1b10341a6b70e04a9de3910e47aef40166e95b341e5ccce2c914b078274af6cc447bad70e04e9de3810a43b762048f7d6312e76e940b04b07825db27f7f79cb7378e2322f1b450e426b519bd86431a724134283ec2af3c9c2acaea1a820d33d4589fc5d1ffd598bf69cedb6cfb021a31f504b0708b825c152a301000055050000504b01021400140008080800e6a0cb58912c28bc3b0100001d0400001300000000000000000000000000000000005b436f6e74656e745f54797065735d2e786d6c504b01021400140008080800e6a0cb586e32084be50000004a0200000b000000000000000000000000007c0100005f72656c732f2e72656c73504b01021400140008080800e6a0cb58366e832193000000b800000010000000000000000000000000009a020000646f6350726f70732f6170702e786d6c504b01021400140008080800e6a0cb58147ee1cd06010000b101000011000000000000000000000000006b030000646f6350726f70732f636f72652e786d6c504b01021400140008080800e6a0cb5889484ba04e010000010300001400000000000000000000000000b0040000786c2f736861726564537472696e67732e786d6c504b01021400140008080800e6a0cb58ae9193d645010000a30200000d0000000000000000000000000040060000786c2f7374796c65732e786d6c504b01021400140008080800e6a0cb58b3cdf9fbdf000000620100000f00000000000000000000000000c0070000786c2f776f726b626f6f6b2e786d6c504b01021400140008080800e6a0cb5867eba2a8d5000000340200001a00000000000000000000000000dc080000786c2f5f72656c732f776f726b626f6f6b2e786d6c2e72656c73504b01021400140008080800e6a0cb58b825c152a3010000550500001800000000000000000000000000f9090000786c2f776f726b7368656574732f7368656574312e786d6c504b050600000000090009003f020000e20b00000000, '2024-06-11 20:07:12'),
(7, 0x504b0304140008080800dba1cb58000000000000000000000000130000005b436f6e74656e745f54797065735d2e786d6cb553cb6ec23010fc95c8d72a36f450551581431fc716a9f4035c7b9358f825afa1f0f75d07389452890a71f26366676657f664b671b65a4342137cc3c67cc42af02a68e3bb867d2c5eea7b5661965e4b1b3c346c0bc866d3c9621b012baaf5d8b03ee7f82004aa1e9c441e227842da909ccc744c9d88522d6507e27634ba132af80c3ed7b968b0e9e4095ab9b2b97adcdd17e986c918ad5132532cb1f6fa48b4de0bf20476e0606f22de108155cf1b52d9b54328327186c371613953dd1b0d26190dff8a16dad628d041ad1c957028aa1a741d13115336b0cf399729bf4a478282c87342519034bfc4fb301615129c65588817391e758b3181d4d803646739f632817ecf895ed3ef101b2b7e10ae98236fed892994000372cd09d0ca9d34fe94fb5748cbcf1096d7f32f0ec3fe2ffb0144312ce3430e317cefe937504b0708912c28bc3b0100001d040000504b0304140008080800dba1cb580000000000000000000000000b0000005f72656c732f2e72656c73ad92c14a033110865f25ccbd9b6d051169da8b08bd89d4071893d9ddb09b4c4846ddbebdc18bb66c41c1e33033dfff31c9763f8749bd532e9ea38175d382a268d9f9d81b78393eaeee4015c1e870e248064e5460bfdb3ed3845257cae0535195118b814124dd6b5dec40014bc38962ed749c034a2d73af13da117bd29bb6bdd5f92703ce99eae00ce4835b833a62ee490ccc93fee03cbe328f4dc5d6c629d16f42b9ebbca507b66f81a22c645f4c805e76d97cbb38b64f99eb26a6f4df32340b45476e956a0265f1f5e2578c6e168c2c67fa9bd2f547d181041d0a7e512f84f4d91fd87d02504b07086e32084be50000004a020000504b0304140008080800dba1cb5800000000000000000000000010000000646f6350726f70732f6170702e786d6c4d8ec10ac2301044ef82ff10726fb77a109134a52082277bd00f08e9d6069a4d4856e9e79b937a9c19e6f154b7fa45bc316517a895bbba9102c986d1d1b3958ffba53aca4e6f376a4821626287599407e556ceccf10490ed8cdee4bacc549629246fb8c4f484304dcee239d8974762d837cd017065a411c72a7e8152ab3ec6c559c34542f7d114a4186e5705ffbd829f83fe00504b0708366e832193000000b8000000504b0304140008080800dba1cb5800000000000000000000000011000000646f6350726f70732f636f72652e786d6c6d90db4ac43014457f25e4bd4dd2b920a1ed20ca80a0386045f12d24c7b6d85c48a29df97bd33a5650df92ec751627bbdc1df5803ec087de9a0ab39c6204465ad59bb6c28fcd3ebbc02844619418ac810a9f20e05d5d4ac7a5f570f0d6818f3d04943c2670e92adcc5e838214176a045c8136152f86abd16315d7d4b9c906fa2055250ba251aa250220a320933b718f159a9e4a274ef7e98054a121840838981b09c911f3682d7e1df813959c863e8176a1cc77c5ccd5cda8891e7bbdb8779f9ac37d3df25e0ba3cabb9f420222894043c9e5caae43b795a5d5d377b5c17b45867749bb1a2a18cb335df6c5e4af26b7e127e9dadaf2f53211da0c3fdcdc42dcf25f95373fd09504b070840a71e9706010000b1010000504b0304140008080800dba1cb5800000000000000000000000014000000786c2f736861726564537472696e67732e786d6c7d924b4ec3301086f748dcc1f29e38097d2b49854abb40a862510ee0da4332951fc18faa4b6ec4822370134e42106ca8054bffdff8f73fe3a99627adc8119c476b6a5a64392560849568da9a3eee365733ba6c2e2f2aef0311369a50d3724a4934f81c61f52394940c36c6d7b40ba15f30e645079afbccf66006f2649de66138ba96f9de0197be03085ab132cf274c7334b4a93c365568b656ef1df88a85a6625fd2b77cd38352286d0276d85b726b45d460823da77f8207675bc735279baf6c02dfdfcc79c9168fa0fee1abe87ce2bb01d1f17371ed039749e91da0f736b1bd87545b818c8a1309647d0a8e9b03384c5e29f2f9349f4fcaf138e9c412de2b14c9951d0863956d936c02f7e08887363a945c9ee37cb62846a4cf3e5e5e75967c150908ba4f3c0f91278df161374c3ac5f96c3a198faecb2299a402111c8adfa1d8b09dcd27504b0708836e80c445010000cb020000504b0304140008080800dba1cb580000000000000000000000000d000000786c2f7374796c65732e786d6ca592b16ec3201086f74a7d07c4dee064a8a2ca264325579d934a5d8939dba870584022bb4f5f304e934c1d3addddcffd1f87cfe56e349a9cc17965b1a2eb5541096063a5c2aea21f87fa694b77fcf1a1f461d2b0ef0102890ef415ed43185e18f34d0f46f8951d00e3496b9d112196ae637e7020a44f26a3d9a6289e99110a292ff1646a133c69ec0943450bca78d95abc2a6b9a055efa6f72163a2a69b6d8d6586d1d5128610459d16dd25018c85daf42aba353334f18a5a72c6f92304fbaf41985d62591e55be6e0a34969fd3bc4866681978308011cd6b1204b7e9806a8285a848c99fbfee896c27dbd3931dd38e6102f3e5a27e3166edf9f255e6a68433438d5f529063bb07418823531914a7416854ec88b634922b601adf769759fed1d7b6c49dec1bb4c9f9fa4e75fd238d092664c2e12ff9696d9ffc692b1bde7cf6876fdddf80f504b0708ae9193d645010000a3020000504b0304140008080800dba1cb580000000000000000000000000f000000786c2f776f726b626f6f6b2e786d6c8d90414fc3300c85ef48fc87c87796141082aae984849076e33076f712778dd624551c367e3e69a70e8e9caca7f7f9f9c9cdfadb0fe244895d0c1aaa950241c144ebc241c3e7f6fdee19d6eded4d738ee9b88ff1280a1f58439ff3584bc9a6278fbc8a2385e2743179cc45a683e431115aee89b21fe4bd524fd2a30b7049a8d37f3262d739436fd17c790af9129268c05cda72ef4686f6daec23098b99aa17f5a8a1c3810964db4cceced1997fc1490a34d99d688b7b0d6ae2e41f70eebc4c11d0938657769ccb671c8248b5b31ad2c63e8098994d91d59cb2accae558fb03504b0708b3cdf9fbdf00000062010000504b0304140008080800dba1cb580000000000000000000000001a000000786c2f5f72656c732f776f726b626f6f6b2e786d6c2e72656c73ad914d6bc3300c40ff8ad17d71d2c118a36e2f63d06b3f7e80b0953834b18da5b5cbbfafbbc3d640073bf4248cf07b0fb45c7f8d833a51e63e06034d5583a260a3eb4367e0b0ff787a05c582c1e1100319988861bd5a6e6940295fd8f78955610436e045d29bd66c3d8dc8554c14caa68d794429cfdce984f6881de9455dbfe87ccb8039536d9c81bc710da83de68ec4007bcce476924b1a57055c5653a2ff6863dbf696dea3fd1c29c81dbb9ec141df8f59dcc4c834d0e32bbea97fe99f7ff5e7988fec89e45a5e46f3e8921fc13546cfaebdba00504b070867eba2a8d500000034020000504b0304140008080800dba1cb5800000000000000000000000018000000786c2f776f726b7368656574732f7368656574312e786d6c6d945d4f83301486ef4dfc0f4def5d07736e1ac0cc6db85d9818bfee3b387c6440495b377fbe0595c869ef7ad2e7ed691fc209eebfea8a9c40aa523421f526534aa049445a367948dfdfe2ab25bd8f2e2f82b3904755006862028d0a69a1757bc7984a0aa8b99a88161ab3930959736d4a9933d54ae0691faa2be64fa737ace66543a3202d6b68ba8e444216d29577b79f5116053dfb51c259fd5b93aef541886357ecd3909a2b6a7e78850a120da6d6f213ba34b3e2717f9b674952c8f867a55fc47907655e68f3d2b979ea5fcb0dd73c0aa438136976cc05936eb1f24ca3902a4a54d7340a4ed1346027d328f9251e6cc21b136b9bf0c7c4c6266663626b13d76322b689f99878b4899b31b1b389c598d8dbc4722098b13728f40785be15b9450a6dc24396d70e0469de3810e479eb4090e8d88120d38f0e04a9de3910e47aef40166e95b341e5ccce2c914b078274af1d087669233efa225b07824e891d8db04b07825d3a10ecd2816097ecdf5fdef21c9eb8cccb469183d05ad4263659cc29c984d020bbca1c5998d135141564baa728913fe3a35f6bd1fe66bbe9334cc8e81b504b07089b3bf761a201000055050000504b01021400140008080800dba1cb58912c28bc3b0100001d0400001300000000000000000000000000000000005b436f6e74656e745f54797065735d2e786d6c504b01021400140008080800dba1cb586e32084be50000004a0200000b000000000000000000000000007c0100005f72656c732f2e72656c73504b01021400140008080800dba1cb58366e832193000000b800000010000000000000000000000000009a020000646f6350726f70732f6170702e786d6c504b01021400140008080800dba1cb5840a71e9706010000b101000011000000000000000000000000006b030000646f6350726f70732f636f72652e786d6c504b01021400140008080800dba1cb58836e80c445010000cb0200001400000000000000000000000000b0040000786c2f736861726564537472696e67732e786d6c504b01021400140008080800dba1cb58ae9193d645010000a30200000d0000000000000000000000000037060000786c2f7374796c65732e786d6c504b01021400140008080800dba1cb58b3cdf9fbdf000000620100000f00000000000000000000000000b7070000786c2f776f726b626f6f6b2e786d6c504b01021400140008080800dba1cb5867eba2a8d5000000340200001a00000000000000000000000000d3080000786c2f5f72656c732f776f726b626f6f6b2e786d6c2e72656c73504b01021400140008080800dba1cb589b3bf761a2010000550500001800000000000000000000000000f0090000786c2f776f726b7368656574732f7368656574312e786d6c504b050600000000090009003f020000d80b00000000, '2024-06-11 20:14:55'),
(8, 0x504b03041400080808000137ce58000000000000000000000000130000005b436f6e74656e745f54797065735d2e786d6cb553cb6ec23010fc95c8d72a36f450551581431fc716a9f4035c7b9358f825afa1f0f75d07389452890a71f26366676657f664b671b65a4342137cc3c67cc42af02a68e3bb867d2c5eea7b5661965e4b1b3c346c0bc866d3c9621b012baaf5d8b03ee7f82004aa1e9c441e227842da909ccc744c9d88522d6507e27634ba132af80c3ed7b968b0e9e4095ab9b2b97adcdd17e986c918ad5132532cb1f6fa48b4de0bf20476e0606f22de108155cf1b52d9b54328327186c371613953dd1b0d26190dff8a16dad628d041ad1c957028aa1a741d13115336b0cf399729bf4a478282c87342519034bfc4fb301615129c65588817391e758b3181d4d803646739f632817ecf895ed3ef101b2b7e10ae98236fed892994000372cd09d0ca9d34fe94fb5748cbcf1096d7f32f0ec3fe2ffb0144312ce3430e317cefe937504b0708912c28bc3b0100001d040000504b03041400080808000137ce580000000000000000000000000b0000005f72656c732f2e72656c73ad92c14a033110865f25ccbd9b6d051169da8b08bd89d4071893d9ddb09b4c4846ddbebdc18bb66c41c1e33033dfff31c9763f8749bd532e9ea38175d382a268d9f9d81b78393eaeee4015c1e870e248064e5460bfdb3ed3845257cae0535195118b814124dd6b5dec40014bc38962ed749c034a2d73af13da117bd29bb6bdd5f92703ce99eae00ce4835b833a62ee490ccc93fee03cbe328f4dc5d6c629d16f42b9ebbca507b66f81a22c645f4c805e76d97cbb38b64f99eb26a6f4df32340b45476e956a0265f1f5e2578c6e168c2c67fa9bd2f547d181041d0a7e512f84f4d91fd87d02504b07086e32084be50000004a020000504b03041400080808000137ce5800000000000000000000000010000000646f6350726f70732f6170702e786d6c4d8ec10ac2301044ef82ff10726fb77a109134a52082277bd00f08e9d6069a4d4856e9e79b937a9c19e6f154b7fa45bc316517a895bbba9102c986d1d1b3958ffba53aca4e6f376a4821626287599407e556ceccf10490ed8cdee4bacc549629246fb8c4f484304dcee239d8974762d837cd017065a411c72a7e8152ab3ec6c559c34542f7d114a4186e5705ffbd829f83fe00504b0708366e832193000000b8000000504b03041400080808000137ce5800000000000000000000000011000000646f6350726f70732f636f72652e786d6c6d905d4bc3301486ff4ac87d9ba49b4542db21ca40501c3871781792635b6c3e48a2ddfebd699d15d4bb24ef731e4ede6a73d403fa001f7a6b6acc728a111869556fda1a3fedb7d92546210aa3c4600dd4f804016f9a4a3a2ead879db70e7cec21a0e431814b57e32e46c70909b2032d429e0893c257ebb588e9ea5be2847c132d9082d2926888428928c824ccdc62c467a5928bd2bdfb6116284960000d2606c272467ed8085e877f07e664218fa15fa8711cf37135736923460ef7778ff3f2596fa6bf4bc04d755673e94144502809783cb954c977f2bcbabed96f7153d0629dd13263eb3d63fca2e4b478a9c8aff949f875b6beb94a857480760fb713b73c57e44fcdcd27504b0708fd5074cf06010000b1010000504b03041400080808000137ce5800000000000000000000000014000000786c2f736861726564537472696e67732e786d6c7d92414ec3301045f748dcc1f29e38ad94d056692a549a0542158b7200e30c8991ed311ea7ea921bb1e008dc8493908a05552d58fafd3fdf339aa956076bd81e0269744b3ec972cec0296cb5eb96fc71d75ccdf8aabebca888225338b8389a669c0d4ebf0eb0fe05638ca325ef63f40b2148f5602565e8c18dca33062be3f80c9d201f40b6d403446bc434cf4b61a576bcae48d755acb7689f025025625d8923fac1371e8cd12d26c24e7b64b7a8060b2ee2b9faa7f010b00bd24ad61c7b53faf3c39d5bb67a0fe61f7d3d044a721b50bd3c871b8ab24dac77a0893089bd8794ada11d8c642db0cd2106e95e20e8e497493ebfcee7e5b428924990496fb44a4a76a01c1aec92dea449595e2e8a92c9ecebeddd66c97e58d460fd4991184fa6fe06504b07080a24de882101000060020000504b03041400080808000137ce580000000000000000000000000d000000786c2f7374796c65732e786d6ca592b16ec3201086f74a7d07c4dee064a8a2ca264325579d934a5d8939dba870584022bb4f5f304e934c1d3addddcffd1f87cfe56e349a9cc17965b1a2eb5541096063a5c2aea21f87fa694b77fcf1a1f461d2b0ef0102890ef415ed43185e18f34d0f46f8951d00e3496b9d112196ae637e7020a44f26a3d9a6289e99110a292ff1646a133c69ec0943450bca78d95abc2a6b9a055efa6f72163a2a69b6d8d6586d1d5128610459d16dd25018c85daf42aba353334f18a5a72c6f92304fbaf41985d62591e55be6e0a34969fd3bc4866681978308011cd6b1204b7e9806a8285a848c99fbfee896c27dbd3931dd38e6102f3e5a27e3166edf9f255e6a68433438d5f529063bb07418823531914a7416854ec88b634922b601adf769759fed1d7b6c49dec1bb4c9f9fa4e75fd238d092664c2e12ff9696d9ffc692b1bde7cf6876fdddf80f504b0708ae9193d645010000a3020000504b03041400080808000137ce580000000000000000000000000f000000786c2f776f726b626f6f6b2e786d6c8d90414fc3300c85ef48fc87c87796141082aae984849076e33076f712778dd624551c367e3e69a70e8e9caca7f7f9f9c9cdfadb0fe244895d0c1aaa950241c144ebc241c3e7f6fdee19d6eded4d738ee9b88ff1280a1f58439ff3584bc9a6278fbc8a2385e2743179cc45a683e431115aee89b21fe4bd524fd2a30b7049a8d37f3262d739436fd17c790af9129268c05cda72ef4686f6daec23098b99aa17f5a8a1c3810964db4cceced1997fc1490a34d99d688b7b0d6ae2e41f70eebc4c11d0938657769ccb671c8248b5b31ad2c63e8098994d91d59cb2accae558fb03504b0708b3cdf9fbdf00000062010000504b03041400080808000137ce580000000000000000000000001a000000786c2f5f72656c732f776f726b626f6f6b2e786d6c2e72656c73ad914d6bc3300c40ff8ad17d71d2c118a36e2f63d06b3f7e80b0953834b18da5b5cbbfafbbc3d640073bf4248cf07b0fb45c7f8d833a51e63e06034d5583a260a3eb4367e0b0ff787a05c582c1e1100319988861bd5a6e6940295fd8f78955610436e045d29bd66c3d8dc8554c14caa68d794429cfdce984f6881de9455dbfe87ccb8039536d9c81bc710da83de68ec4007bcce476924b1a57055c5653a2ff6863dbf696dea3fd1c29c81dbb9ec141df8f59dcc4c834d0e32bbea97fe99f7ff5e7988fec89e45a5e46f3e8921fc13546cfaebdba00504b070867eba2a8d500000034020000504b03041400080808000137ce5800000000000000000000000018000000786c2f776f726b7368656574732f7368656574312e786d6c6dd35d6f82301406e0fb25fb0f4def6701e77406304e45b958b2ecebbec2e12302256d95fdfc15e688b4dcf5a4cfc969dfb4eeeaa72cd005b8c859e5617b62610455c4e2bc4a3dfcf5193c2cf0cabfbf731bc64f220390483554c2c39994f5921011655052316135546a2761bca452953c25a2e640e3aea92c8863594fa4a479857d37ce4ba8da898843e2e1b5bd0c1d4c7cb7b3df3934e2668ddad147c64e6d11c61e564794f4f801054412542df919da6e62b407dd69de388a21a1e742beb3e600799a4975d399baeaffc82d95d477396b10573bea8051bb58db6a90870546a21deabb17df72c9450d8aaee2c514f6506c4ce10cc5d614d3a1d899e271280253cc86626f8aa7a13898623e14a12916bd202abd3e42a78fd0315a9eb5084d616b296f468816f376846839ef468816743042b4a4f723448bfa3042b4acc31132d7a224372fb3a629bc529ee695404726252b55db643ec328614c026fab294699fa6e7d5140223b8511ff7bf2dd5ab2fadadbfe98fe57fbbf504b0708893806f67801000009040000504b010214001400080808000137ce58912c28bc3b0100001d0400001300000000000000000000000000000000005b436f6e74656e745f54797065735d2e786d6c504b010214001400080808000137ce586e32084be50000004a0200000b000000000000000000000000007c0100005f72656c732f2e72656c73504b010214001400080808000137ce58366e832193000000b800000010000000000000000000000000009a020000646f6350726f70732f6170702e786d6c504b010214001400080808000137ce58fd5074cf06010000b101000011000000000000000000000000006b030000646f6350726f70732f636f72652e786d6c504b010214001400080808000137ce580a24de8821010000600200001400000000000000000000000000b0040000786c2f736861726564537472696e67732e786d6c504b010214001400080808000137ce58ae9193d645010000a30200000d0000000000000000000000000013060000786c2f7374796c65732e786d6c504b010214001400080808000137ce58b3cdf9fbdf000000620100000f0000000000000000000000000093070000786c2f776f726b626f6f6b2e786d6c504b010214001400080808000137ce5867eba2a8d5000000340200001a00000000000000000000000000af080000786c2f5f72656c732f776f726b626f6f6b2e786d6c2e72656c73504b010214001400080808000137ce58893806f678010000090400001800000000000000000000000000cc090000786c2f776f726b7368656574732f7368656574312e786d6c504b050600000000090009003f0200008a0b00000000, '2024-06-14 06:56:02'),
(9, 0x504b0304140008080800b03ace58000000000000000000000000130000005b436f6e74656e745f54797065735d2e786d6cb553cb6ec23010fc95c8d72a36f450551581431fc716a9f4035c7b9358f825afa1f0f75d07389452890a71f26366676657f664b671b65a4342137cc3c67cc42af02a68e3bb867d2c5eea7b5661965e4b1b3c346c0bc866d3c9621b012baaf5d8b03ee7f82004aa1e9c441e227842da909ccc744c9d88522d6507e27634ba132af80c3ed7b968b0e9e4095ab9b2b97adcdd17e986c918ad5132532cb1f6fa48b4de0bf20476e0606f22de108155cf1b52d9b54328327186c371613953dd1b0d26190dff8a16dad628d041ad1c957028aa1a741d13115336b0cf399729bf4a478282c87342519034bfc4fb301615129c65588817391e758b3181d4d803646739f632817ecf895ed3ef101b2b7e10ae98236fed892994000372cd09d0ca9d34fe94fb5748cbcf1096d7f32f0ec3fe2ffb0144312ce3430e317cefe937504b0708912c28bc3b0100001d040000504b0304140008080800b03ace580000000000000000000000000b0000005f72656c732f2e72656c73ad92c14a033110865f25ccbd9b6d051169da8b08bd89d4071893d9ddb09b4c4846ddbebdc18bb66c41c1e33033dfff31c9763f8749bd532e9ea38175d382a268d9f9d81b78393eaeee4015c1e870e248064e5460bfdb3ed3845257cae0535195118b814124dd6b5dec40014bc38962ed749c034a2d73af13da117bd29bb6bdd5f92703ce99eae00ce4835b833a62ee490ccc93fee03cbe328f4dc5d6c629d16f42b9ebbca507b66f81a22c645f4c805e76d97cbb38b64f99eb26a6f4df32340b45476e956a0265f1f5e2578c6e168c2c67fa9bd2f547d181041d0a7e512f84f4d91fd87d02504b07086e32084be50000004a020000504b0304140008080800b03ace5800000000000000000000000010000000646f6350726f70732f6170702e786d6c4d8ec10ac2301044ef82ff10726fb77a109134a52082277bd00f08e9d6069a4d4856e9e79b937a9c19e6f154b7fa45bc316517a895bbba9102c986d1d1b3958ffba53aca4e6f376a4821626287599407e556ceccf10490ed8cdee4bacc549629246fb8c4f484304dcee239d8974762d837cd017065a411c72a7e8152ab3ec6c559c34542f7d114a4186e5705ffbd829f83fe00504b0708366e832193000000b8000000504b0304140008080800b03ace5800000000000000000000000011000000646f6350726f70732f636f72652e786d6c6d905d4bc3301486ff4ac87d9b261d4342db21ca40501c5851bc0bc9b12d361f24d16effdeb4ce0aea5d92f7390f276fb53bea117d800f833535a67981111869d560ba1a3fb6fbec02a310855162b4066a7c8280774d251d97d6c3c15b073e0e1050f298c0a5ab711fa3e38404d98316214f8449e1abf55ac474f51d7142be890e082b8a2dd110851251905998b9d588cf4a2557a57bf7e3225092c0081a4c0c84e694fcb011bc0eff0e2cc94a1ec3b052d334e553b97069234a9eef6e1f96e5b3c1cc7f97809beaace6d28388a05012f07872a992efe4a9bcba6ef7b86105db64c536a39b9632ce282fd94b457ecdcfc2afb3f5cd652aa40774b8bf99b9f5b9227f6a6e3e01504b0708a5eae58506010000b1010000504b0304140008080800b03ace5800000000000000000000000014000000786c2f736861726564537472696e67732e786d6c7d92414ec3301045f748dcc1f29e38ed02aa2a49850a5d5608a50798dad3c4c8f604dba9587223161c819b70125c7501c402c91bfff735fe5fe36af5620d3ba20f9a5ccd6745c9193a494abbaee6bb7673b5e0abe6f2a20a213249a38bc9b4e06c74fa79c4f5b790c6b850f33ec6612944903d5a08050de8123990b710d3d577220c1e41851e315a23e665792d2c68c79b2ae8a68acd96ecde63a8446c2a7192cef2ed80c668451968f540ec8ee468d1459ad23fc183a7ce8305b6396593fae3dd4d2d5b7d44f30f5f8f3e647337287b988af72182caac8f7080f480a7bdc9fbeebc02871198871cb6e09f4e4c21d32ab5d30ad4d4339b97e793d5220683d1324bd9a27464a89b0615bf5ce5cd723e63507cbebed922db128b1aedf06382481fa7f902504b07087b811dcb2301000066020000504b0304140008080800b03ace580000000000000000000000000d000000786c2f7374796c65732e786d6ca592b16ec3201086f74a7d07c4dee064a8a2ca264325579d934a5d8939dba870584022bb4f5f304e934c1d3addddcffd1f87cfe56e349a9cc17965b1a2eb5541096063a5c2aea21f87fa694b77fcf1a1f461d2b0ef0102890ef415ed43185e18f34d0f46f8951d00e3496b9d112196ae637e7020a44f26a3d9a6289e99110a292ff1646a133c69ec0943450bca78d95abc2a6b9a055efa6f72163a2a69b6d8d6586d1d5128610459d16dd25018c85daf42aba353334f18a5a72c6f92304fbaf41985d62591e55be6e0a34969fd3bc4866681978308011cd6b1204b7e9806a8285a848c99fbfee896c27dbd3931dd38e6102f3e5a27e3166edf9f255e6a68433438d5f529063bb07418823531914a7416854ec88b634922b601adf769759fed1d7b6c49dec1bb4c9f9fa4e75fd238d092664c2e12ff9696d9ffc692b1bde7cf6876fdddf80f504b0708ae9193d645010000a3020000504b0304140008080800b03ace580000000000000000000000000f000000786c2f776f726b626f6f6b2e786d6c8d90414fc3300c85ef48fc87c87796141082aae984849076e33076f712778dd624551c367e3e69a70e8e9caca7f7f9f9c9cdfadb0fe244895d0c1aaa950241c144ebc241c3e7f6fdee19d6eded4d738ee9b88ff1280a1f58439ff3584bc9a6278fbc8a2385e2743179cc45a683e431115aee89b21fe4bd524fd2a30b7049a8d37f3262d739436fd17c790af9129268c05cda72ef4686f6daec23098b99aa17f5a8a1c3810964db4cceced1997fc1490a34d99d688b7b0d6ae2e41f70eebc4c11d0938657769ccb671c8248b5b31ad2c63e8098994d91d59cb2accae558fb03504b0708b3cdf9fbdf00000062010000504b0304140008080800b03ace580000000000000000000000001a000000786c2f5f72656c732f776f726b626f6f6b2e786d6c2e72656c73ad914d6bc3300c40ff8ad17d71d2c118a36e2f63d06b3f7e80b0953834b18da5b5cbbfafbbc3d640073bf4248cf07b0fb45c7f8d833a51e63e06034d5583a260a3eb4367e0b0ff787a05c582c1e1100319988861bd5a6e6940295fd8f78955610436e045d29bd66c3d8dc8554c14caa68d794429cfdce984f6881de9455dbfe87ccb8039536d9c81bc710da83de68ec4007bcce476924b1a57055c5653a2ff6863dbf696dea3fd1c29c81dbb9ec141df8f59dcc4c834d0e32bbea97fe99f7ff5e7988fec89e45a5e46f3e8921fc13546cfaebdba00504b070867eba2a8d500000034020000504b0304140008080800b03ace5800000000000000000000000018000000786c2f776f726b7368656574732f7368656574312e786d6c6dd35d6f82301406e0fb25fb0f4def6701e77406304e45b958b2ecebbec2e12302256d95fdfc15e688b4dcf5a4cfc969dfb4eeeaa72cd005b8c859e5617b62610455c4e2bc4a3dfcf5193c2cf0cabfbf731bc64f220390483554c2c39994f5921011655052316135546a2761bca452953c25a2e640e3aea92c8863594fa4a479857d37ce4ba8da898843e2e1b5bd0c1d4c7cb7b3df3934e2668ddad147c64e6d11c61e564794f4f801054412542df919da6e62b407dd69de388a21a1e742beb3e600799a4975d399baeaffc82d95d477396b10573bea8051bb58db6a90870546a21deabb17df72c9450d8aaee2c514f6506c4ce10cc5d614d3a1d899e271280253cc86626f8aa7a13898623e14a12916bd202abd3e42a78fd0315a9eb5084d616b296f468816f376846839ef468816743042b4a4f723448bfa3042b4acc31132d7a224372fb3a629bc529ee695404726252b55db643ec328614c026fab294699fa6e7d5140223b8511ff7bf2dd5ab2fadadbfe98fe57fbbf504b0708893806f67801000009040000504b01021400140008080800b03ace58912c28bc3b0100001d0400001300000000000000000000000000000000005b436f6e74656e745f54797065735d2e786d6c504b01021400140008080800b03ace586e32084be50000004a0200000b000000000000000000000000007c0100005f72656c732f2e72656c73504b01021400140008080800b03ace58366e832193000000b800000010000000000000000000000000009a020000646f6350726f70732f6170702e786d6c504b01021400140008080800b03ace58a5eae58506010000b101000011000000000000000000000000006b030000646f6350726f70732f636f72652e786d6c504b01021400140008080800b03ace587b811dcb23010000660200001400000000000000000000000000b0040000786c2f736861726564537472696e67732e786d6c504b01021400140008080800b03ace58ae9193d645010000a30200000d0000000000000000000000000015060000786c2f7374796c65732e786d6c504b01021400140008080800b03ace58b3cdf9fbdf000000620100000f0000000000000000000000000095070000786c2f776f726b626f6f6b2e786d6c504b01021400140008080800b03ace5867eba2a8d5000000340200001a00000000000000000000000000b1080000786c2f5f72656c732f776f726b626f6f6b2e786d6c2e72656c73504b01021400140008080800b03ace58893806f678010000090400001800000000000000000000000000ce090000786c2f776f726b7368656574732f7368656574312e786d6c504b050600000000090009003f0200008c0b00000000, '2024-06-14 07:21:32'),
(10, 0x504b0304140008080800b93ad258000000000000000000000000130000005b436f6e74656e745f54797065735d2e786d6cb553cb6ec23010fc95c8d72a36f450551581431fc716a9f4035c7b9358f825afa1f0f75d07389452890a71f26366676657f664b671b65a4342137cc3c67cc42af02a68e3bb867d2c5eea7b5661965e4b1b3c346c0bc866d3c9621b012baaf5d8b03ee7f82004aa1e9c441e227842da909ccc744c9d88522d6507e27634ba132af80c3ed7b968b0e9e4095ab9b2b97adcdd17e986c918ad5132532cb1f6fa48b4de0bf20476e0606f22de108155cf1b52d9b54328327186c371613953dd1b0d26190dff8a16dad628d041ad1c957028aa1a741d13115336b0cf399729bf4a478282c87342519034bfc4fb301615129c65588817391e758b3181d4d803646739f632817ecf895ed3ef101b2b7e10ae98236fed892994000372cd09d0ca9d34fe94fb5748cbcf1096d7f32f0ec3fe2ffb0144312ce3430e317cefe937504b0708912c28bc3b0100001d040000504b0304140008080800b93ad2580000000000000000000000000b0000005f72656c732f2e72656c73ad92c14a033110865f25ccbd9b6d051169da8b08bd89d4071893d9ddb09b4c4846ddbebdc18bb66c41c1e33033dfff31c9763f8749bd532e9ea38175d382a268d9f9d81b78393eaeee4015c1e870e248064e5460bfdb3ed3845257cae0535195118b814124dd6b5dec40014bc38962ed749c034a2d73af13da117bd29bb6bdd5f92703ce99eae00ce4835b833a62ee490ccc93fee03cbe328f4dc5d6c629d16f42b9ebbca507b66f81a22c645f4c805e76d97cbb38b64f99eb26a6f4df32340b45476e956a0265f1f5e2578c6e168c2c67fa9bd2f547d181041d0a7e512f84f4d91fd87d02504b07086e32084be50000004a020000504b0304140008080800b93ad25800000000000000000000000010000000646f6350726f70732f6170702e786d6c4d8ec10ac2301044ef82ff10726fb77a109134a52082277bd00f08e9d6069a4d4856e9e79b937a9c19e6f154b7fa45bc316517a895bbba9102c986d1d1b3958ffba53aca4e6f376a4821626287599407e556ceccf10490ed8cdee4bacc549629246fb8c4f484304dcee239d8974762d837cd017065a411c72a7e8152ab3ec6c559c34542f7d114a4186e5705ffbd829f83fe00504b0708366e832193000000b8000000504b0304140008080800b93ad25800000000000000000000000011000000646f6350726f70732f636f72652e786d6c6d90d14ac33014865f25e4be3d4da76384b6439481a038b0e2f02e24c7b6d8262189767b7bd33a2ba87749feef7c9cfcc5f638f4e4039def8c2e294b334a504ba33add94f4a9de251b4a7c105a89de682ce9093ddd5685b45c1a877b672cbad0a127d1a33d97b6a46d08960378d9e2207c1a091dc357e30611e2d53560857c130d429e656b1830082582804998d8c548cf4a2517a57d77fd2c5012b0c70175f0c052063f6c4037f87f07e664218fbe5ba8711cd371357371230687fbbbc779f9a4d3d3df25d2aa38abb97428022a12053c9c6cace43b795e5ddfd43b5ae5597e9164eb846d6a96f39cf14bf652c0aff949f87536aeba8a85b448f60fb713b73c17f0a7e6ea13504b07088387ebc706010000b1010000504b0304140008080800b93ad25800000000000000000000000014000000786c2f736861726564537472696e67732e786d6c7d924d4ec3301085f748dcc1f29e3809b469ab24152aed02a18a4539c0600f892bff04dba9bae4462c380237e124a4a20b140b96fedef8f9cd78cae5512b7240e7a53515cd92941234dc0a699a8a3eed365733baac2f2f4aef03e1b637a1a27941496fe46b8fab33c829196c8caf681b42b760ccf31635f8c4766806e5c53a0d6138ba86f9ce2108df2206ad589ea653a6411a5a975ed665a8b7563f3bf4250b75c94ee807df76a89414361276b2b3e4cef25ea30976acfe293c3adb38d04036a76c5c7e7e9871c9561e50fda3af7ae723df0df216c670ed0388a8f41ea5f736b27dc098ad50f40a8840b23e0607668f4e46af64e9bc48e7d37c32893ab1043a2579746587dc58659b281b78314669b1c83302c9d7dbbb4ea2ef2141a2ee229f7d0f513330ec838927379f15d3c9cd759e45d353c883935c0af8158a0d1b597f03504b0708ce5e7e7e41010000bf020000504b0304140008080800b93ad2580000000000000000000000000d000000786c2f7374796c65732e786d6ca592b16ec3201086f74a7d07c4dee064a8a2ca264325579d934a5d8939dba870584022bb4f5f304e934c1d3addddcffd1f87cfe56e349a9cc17965b1a2eb5541096063a5c2aea21f87fa694b77fcf1a1f461d2b0ef0102890ef415ed43185e18f34d0f46f8951d00e3496b9d112196ae637e7020a44f26a3d9a6289e99110a292ff1646a133c69ec0943450bca78d95abc2a6b9a055efa6f72163a2a69b6d8d6586d1d5128610459d16dd25018c85daf42aba353334f18a5a72c6f92304fbaf41985d62591e55be6e0a34969fd3bc4866681978308011cd6b1204b7e9806a8285a848c99fbfee896c27dbd3931dd38e6102f3e5a27e3166edf9f255e6a68433438d5f529063bb07418823531914a7416854ec88b634922b601adf769759fed1d7b6c49dec1bb4c9f9fa4e75fd238d092664c2e12ff9696d9ffc692b1bde7cf6876fdddf80f504b0708ae9193d645010000a3020000504b0304140008080800b93ad2580000000000000000000000000f000000786c2f776f726b626f6f6b2e786d6c8d90414fc3300c85ef48fc87c87796141082aae984849076e33076f712778dd624551c367e3e69a70e8e9caca7f7f9f9c9cdfadb0fe244895d0c1aaa950241c144ebc241c3e7f6fdee19d6eded4d738ee9b88ff1280a1f58439ff3584bc9a6278fbc8a2385e2743179cc45a683e431115aee89b21fe4bd524fd2a30b7049a8d37f3262d739436fd17c790af9129268c05cda72ef4686f6daec23098b99aa17f5a8a1c3810964db4cceced1997fc1490a34d99d688b7b0d6ae2e41f70eebc4c11d0938657769ccb671c8248b5b31ad2c63e8098994d91d59cb2accae558fb03504b0708b3cdf9fbdf00000062010000504b0304140008080800b93ad2580000000000000000000000001a000000786c2f5f72656c732f776f726b626f6f6b2e786d6c2e72656c73ad914d6bc3300c40ff8ad17d71d2c118a36e2f63d06b3f7e80b0953834b18da5b5cbbfafbbc3d640073bf4248cf07b0fb45c7f8d833a51e63e06034d5583a260a3eb4367e0b0ff787a05c582c1e1100319988861bd5a6e6940295fd8f78955610436e045d29bd66c3d8dc8554c14caa68d794429cfdce984f6881de9455dbfe87ccb8039536d9c81bc710da83de68ec4007bcce476924b1a57055c5653a2ff6863dbf696dea3fd1c29c81dbb9ec141df8f59dcc4c834d0e32bbea97fe99f7ff5e7988fec89e45a5e46f3e8921fc13546cfaebdba00504b070867eba2a8d500000034020000504b0304140008080800b93ad25800000000000000000000000018000000786c2f776f726b7368656574732f7368656574312e786d6c6d945d4f83301486ef4dfc0f4def5d07736e1ac0cc6db85d9818bfee3b387c6440495b377fbe0595c869ef7ad2e7ed691fc209eebfea8a9c40aa523421f526534aa049445a367948dfdfe2ab25bd8f2e2f82b3904755006862028d0a69a1757bc7984a0aa8b99a88161ab3930959736d4a9933d54ae0691faa2be64fa737ace66543a3202d6b68ba8e444216d29577b79f5116053dfb51c259fd5b93aef541886357ecd3909a2b6a7e78850a120da6d6f213ba34b3e2717f9b674952c8f867a55fc47907655e68f3d2b979ea5fcb0dd73c0aa438136976cc05936eb1f24ca3902a4a54d7340a4ed1346027d328f9251e6cc21b136b9bf0c7c4c6266663626b13d76322b689f99878b4899b31b1b389c598d8dbc4722098b13728f40785be15b9450a6dc24396d70e0469de3810e479eb4090e8d88120d38f0e04a9de3910e47aef40166e95b341e5ccce2c914b078274af1d087669233efa225b07824e891d8db04b07825d3a10ecd2816097ecdf5fdef21c9eb8cccb469183d05ad4263659cc29c984d020bbca1c5998d135141564baa728913fe3a35f6bd1fe66bbe9334cc8e81b504b07089b3bf761a201000055050000504b01021400140008080800b93ad258912c28bc3b0100001d0400001300000000000000000000000000000000005b436f6e74656e745f54797065735d2e786d6c504b01021400140008080800b93ad2586e32084be50000004a0200000b000000000000000000000000007c0100005f72656c732f2e72656c73504b01021400140008080800b93ad258366e832193000000b800000010000000000000000000000000009a020000646f6350726f70732f6170702e786d6c504b01021400140008080800b93ad2588387ebc706010000b101000011000000000000000000000000006b030000646f6350726f70732f636f72652e786d6c504b01021400140008080800b93ad258ce5e7e7e41010000bf0200001400000000000000000000000000b0040000786c2f736861726564537472696e67732e786d6c504b01021400140008080800b93ad258ae9193d645010000a30200000d0000000000000000000000000033060000786c2f7374796c65732e786d6c504b01021400140008080800b93ad258b3cdf9fbdf000000620100000f00000000000000000000000000b3070000786c2f776f726b626f6f6b2e786d6c504b01021400140008080800b93ad25867eba2a8d5000000340200001a00000000000000000000000000cf080000786c2f5f72656c732f776f726b626f6f6b2e786d6c2e72656c73504b01021400140008080800b93ad2589b3bf761a2010000550500001800000000000000000000000000ec090000786c2f776f726b7368656574732f7368656574312e786d6c504b050600000000090009003f020000d40b00000000, '2024-06-18 07:21:51'),
(11, 0x504b0304140008080800da3bd958000000000000000000000000130000005b436f6e74656e745f54797065735d2e786d6cb553cb6ec23010fc95c8d72a36f450551581431fc716a9f4035c7b9358f825afa1f0f75d07389452890a71f26366676657f664b671b65a4342137cc3c67cc42af02a68e3bb867d2c5eea7b5661965e4b1b3c346c0bc866d3c9621b012baaf5d8b03ee7f82004aa1e9c441e227842da909ccc744c9d88522d6507e27634ba132af80c3ed7b968b0e9e4095ab9b2b97adcdd17e986c918ad5132532cb1f6fa48b4de0bf20476e0606f22de108155cf1b52d9b54328327186c371613953dd1b0d26190dff8a16dad628d041ad1c957028aa1a741d13115336b0cf399729bf4a478282c87342519034bfc4fb301615129c65588817391e758b3181d4d803646739f632817ecf895ed3ef101b2b7e10ae98236fed892994000372cd09d0ca9d34fe94fb5748cbcf1096d7f32f0ec3fe2ffb0144312ce3430e317cefe937504b0708912c28bc3b0100001d040000504b0304140008080800da3bd9580000000000000000000000000b0000005f72656c732f2e72656c73ad92c14a033110865f25ccbd9b6d051169da8b08bd89d4071893d9ddb09b4c4846ddbebdc18bb66c41c1e33033dfff31c9763f8749bd532e9ea38175d382a268d9f9d81b78393eaeee4015c1e870e248064e5460bfdb3ed3845257cae0535195118b814124dd6b5dec40014bc38962ed749c034a2d73af13da117bd29bb6bdd5f92703ce99eae00ce4835b833a62ee490ccc93fee03cbe328f4dc5d6c629d16f42b9ebbca507b66f81a22c645f4c805e76d97cbb38b64f99eb26a6f4df32340b45476e956a0265f1f5e2578c6e168c2c67fa9bd2f547d181041d0a7e512f84f4d91fd87d02504b07086e32084be50000004a020000504b0304140008080800da3bd95800000000000000000000000010000000646f6350726f70732f6170702e786d6c4d8ec10ac2301044ef82ff10726fb77a109134a52082277bd00f08e9d6069a4d4856e9e79b937a9c19e6f154b7fa45bc316517a895bbba9102c986d1d1b3958ffba53aca4e6f376a4821626287599407e556ceccf10490ed8cdee4bacc549629246fb8c4f484304dcee239d8974762d837cd017065a411c72a7e8152ab3ec6c559c34542f7d114a4186e5705ffbd829f83fe00504b0708366e832193000000b8000000504b0304140008080800da3bd95800000000000000000000000011000000646f6350726f70732f636f72652e786d6c6d90d14ac33014865f25e4be3d69eb8684b6439481a03870e2f02e24c7b6d8262189767b7bd33a2ba87749feef7c9cfce5e638f4e4039def8cae6896324a504ba33add54f469bf4d2e29f14168257aa3b1a227f4745397d272691cee9cb1e842879e448ff65cda8ab621580ee0658b83f06924740c5f8d1b448857d78015f24d340839636b1830082582804998d8c548cf4a2517a57d77fd2c5012b0c70175f090a519fcb001dde0ff1d9893853cfa6ea1c6714cc762e6e246191ceeef1ee7e5934e4f7f9748ebf2ace6d2a108a84814f070b2b192efe4b9b8bed96f699db3fc2261eb245fedb39c178caf8a97127ecd4fc2afb371f5552ca445b27bb89db8e5b9843f35d79f504b070806230d1a06010000b1010000504b0304140008080800da3bd95800000000000000000000000014000000786c2f736861726564537472696e67732e786d6c7d53cb6e143110bc23f10fd6dcb376661f938966270a9b2c12822c120b393776b3db915fd89e28e2943fe2c027f027f912bce480182739baaabbba4a2577677746b35b0c919c5d56c7135131b4d229b2bb65f579bb3e3aa9cefad7afba1813936eb06959b57966b0f47dc0d52350b715cb32362eab7d4afe94f328f768204e9c479b996f2e1848f919763cfa80a0e21e3119cd6b2116dc00d9aaef22f55deaaf9cf91a30763cf51d3f408ff0b947ad49b982d89277ecc2c9c1a04d6ecc3e4b7c0c6e17c0005b1fbc49fafdcb8e47aee816f50bfc6a08b1d05da3dcc318bc8c095431fa0e294657c8bec7125ba11a343085ecf22e05b03718a8b8722cda46b48b7a3e2f9238065e932c56b628add36e37f6c6ff9b12cd693d653079b8ff692645312c111a5fa4fb4232b9c03e801d508fc937ce92ce81de0e793904fc51d483c15074cc67895c5542f9b702b63d9c0a5008ce44339d354d61eee2d3668c1dd2cc9f4b739d6d1118b6464d1ec7ece60615b04d485418fed7d08a06050aec9305cd5bb198d5e2094f53517ae2f9d7f57f00504b0708f5eae0ea90010000a3030000504b0304140008080800da3bd9580000000000000000000000000d000000786c2f7374796c65732e786d6ca592b16ec3201086f74a7d07c4dee064a8a2ca264325579d934a5d8939dba870584022bb4f5f304e934c1d3addddcffd1f87cfe56e349a9cc17965b1a2eb5541096063a5c2aea21f87fa694b77fcf1a1f461d2b0ef0102890ef415ed43185e18f34d0f46f8951d00e3496b9d112196ae637e7020a44f26a3d9a6289e99110a292ff1646a133c69ec0943450bca78d95abc2a6b9a055efa6f72163a2a69b6d8d6586d1d5128610459d16dd25018c85daf42aba353334f18a5a72c6f92304fbaf41985d62591e55be6e0a34969fd3bc4866681978308011cd6b1204b7e9806a8285a848c99fbfee896c27dbd3931dd38e6102f3e5a27e3166edf9f255e6a68433438d5f529063bb07418823531914a7416854ec88b634922b601adf769759fed1d7b6c49dec1bb4c9f9fa4e75fd238d092664c2e12ff9696d9ffc692b1bde7cf6876fdddf80f504b0708ae9193d645010000a3020000504b0304140008080800da3bd9580000000000000000000000000f000000786c2f776f726b626f6f6b2e786d6c8d90414fc3300c85ef48fc87c87796141082aae984849076e33076f712778dd624551c367e3e69a70e8e9caca7f7f9f9c9cdfadb0fe244895d0c1aaa950241c144ebc241c3e7f6fdee19d6eded4d738ee9b88ff1280a1f58439ff3584bc9a6278fbc8a2385e2743179cc45a683e431115aee89b21fe4bd524fd2a30b7049a8d37f3262d739436fd17c790af9129268c05cda72ef4686f6daec23098b99aa17f5a8a1c3810964db4cceced1997fc1490a34d99d688b7b0d6ae2e41f70eebc4c11d0938657769ccb671c8248b5b31ad2c63e8098994d91d59cb2accae558fb03504b0708b3cdf9fbdf00000062010000504b0304140008080800da3bd9580000000000000000000000001a000000786c2f5f72656c732f776f726b626f6f6b2e786d6c2e72656c73ad914d6bc3300c40ff8ad17d71d2c118a36e2f63d06b3f7e80b0953834b18da5b5cbbfafbbc3d640073bf4248cf07b0fb45c7f8d833a51e63e06034d5583a260a3eb4367e0b0ff787a05c582c1e1100319988861bd5a6e6940295fd8f78955610436e045d29bd66c3d8dc8554c14caa68d794429cfdce984f6881de9455dbfe87ccb8039536d9c81bc710da83de68ec4007bcce476924b1a57055c5653a2ff6863dbf696dea3fd1c29c81dbb9ec141df8f59dcc4c834d0e32bbea97fe99f7ff5e7988fec89e45a5e46f3e8921fc13546cfaebdba00504b070867eba2a8d500000034020000504b0304140008080800da3bd95800000000000000000000000018000000786c2f776f726b7368656574732f7368656574312e786d6c85d75b6fa24018c6f1fb4df63b10ee57c0b30dd2b41e5a2f36d9ece91e75545261cc30d5fdf83bd88696e77d88774cfccfc15f9b9689efffe547efac4c99e962ea479dd0f754b1d1dbacd84ffd3fbf97dfc6fe7df2f54b7cd1e6a53c28653d37a128a7fec1dad35d10949b83cad3b2a34faa709fecb4c953eb86661f9427a3d2ed75527e0cba61380cf2342bfc24de66b92aaa1d3da37653ff21ba5b45a11f24f135fe9ba94bf9e9d9abf65e6bfd520d56dba9efce68d3f52f75541babdcd89a5755cd0ec4f4e5f5383f8cb755bbf4f5687feacbb3caf607ebbeeaa0f3b1e53cb569121b7df18cfbc49d70533d3c446ea3a95ffa5e596d9ac4e7248c83b3db68f35e3cca226a163359749bc55c16bd66b19045bf592c653168164fb218368b67598c9ac54a16e3ba089c5e4dd8ad09bb62ca0408651181f28c24c03c2709382f4802d04b9280f4134980fa992460bd22c98853f66acade4d4a59084a92202549909224484912a424095292042949d242d9af29fb372965212849829424414a92202549909224484912a424490be5a0a61cdca49485a024095292042949829424414a922025499092242d94c39a7278935216829224484912a424095292042949829424414a92b4508e6aca919c33064b9200f74c265de09e9304b8172401ee25390b5a92042dc946f0435b91555a2cc7b5e5f8b62549d05226c29224684912b42467414b92a025d9082dc92a2d9693da7272db9224682913614912b424095a92b3a02549d0926c8496649516cb28fc783d0fe5c270bc47d6c0f966ac813f4273d6c0ebf18235284a1a41ca1a34657bc16fd28aad83aac1a7fbcf29ddabefa9d96745e9adb5b53a77d33a23f7af6ca7b555a61ab9b7ad83bbd5d583a3dad96be57be6ed62757db6faf43eb7ba97d597c7e43f504b0708e5184e3992020000700e0000504b01021400140008080800da3bd958912c28bc3b0100001d0400001300000000000000000000000000000000005b436f6e74656e745f54797065735d2e786d6c504b01021400140008080800da3bd9586e32084be50000004a0200000b000000000000000000000000007c0100005f72656c732f2e72656c73504b01021400140008080800da3bd958366e832193000000b800000010000000000000000000000000009a020000646f6350726f70732f6170702e786d6c504b01021400140008080800da3bd95806230d1a06010000b101000011000000000000000000000000006b030000646f6350726f70732f636f72652e786d6c504b01021400140008080800da3bd958f5eae0ea90010000a30300001400000000000000000000000000b0040000786c2f736861726564537472696e67732e786d6c504b01021400140008080800da3bd958ae9193d645010000a30200000d0000000000000000000000000082060000786c2f7374796c65732e786d6c504b01021400140008080800da3bd958b3cdf9fbdf000000620100000f0000000000000000000000000002080000786c2f776f726b626f6f6b2e786d6c504b01021400140008080800da3bd95867eba2a8d5000000340200001a000000000000000000000000001e090000786c2f5f72656c732f776f726b626f6f6b2e786d6c2e72656c73504b01021400140008080800da3bd958e5184e3992020000700e000018000000000000000000000000003b0a0000786c2f776f726b7368656574732f7368656574312e786d6c504b050600000000090009003f020000130d00000000, '2024-06-25 07:30:54');
INSERT INTO `asistencia` (`ID`, `archivo_excel`, `Fecha_Ingreso`) VALUES
(12, 0x504b0304140008080800c24bd958000000000000000000000000130000005b436f6e74656e745f54797065735d2e786d6cb553cb6ec23010fc95c8d72a36f450551581431fc716a9f4035c7b9358f825afa1f0f75d07389452890a71f26366676657f664b671b65a4342137cc3c67cc42af02a68e3bb867d2c5eea7b5661965e4b1b3c346c0bc866d3c9621b012baaf5d8b03ee7f82004aa1e9c441e227842da909ccc744c9d88522d6507e27634ba132af80c3ed7b968b0e9e4095ab9b2b97adcdd17e986c918ad5132532cb1f6fa48b4de0bf20476e0606f22de108155cf1b52d9b54328327186c371613953dd1b0d26190dff8a16dad628d041ad1c957028aa1a741d13115336b0cf399729bf4a478282c87342519034bfc4fb301615129c65588817391e758b3181d4d803646739f632817ecf895ed3ef101b2b7e10ae98236fed892994000372cd09d0ca9d34fe94fb5748cbcf1096d7f32f0ec3fe2ffb0144312ce3430e317cefe937504b0708912c28bc3b0100001d040000504b0304140008080800c24bd9580000000000000000000000000b0000005f72656c732f2e72656c73ad92c14a033110865f25ccbd9b6d051169da8b08bd89d4071893d9ddb09b4c4846ddbebdc18bb66c41c1e33033dfff31c9763f8749bd532e9ea38175d382a268d9f9d81b78393eaeee4015c1e870e248064e5460bfdb3ed3845257cae0535195118b814124dd6b5dec40014bc38962ed749c034a2d73af13da117bd29bb6bdd5f92703ce99eae00ce4835b833a62ee490ccc93fee03cbe328f4dc5d6c629d16f42b9ebbca507b66f81a22c645f4c805e76d97cbb38b64f99eb26a6f4df32340b45476e956a0265f1f5e2578c6e168c2c67fa9bd2f547d181041d0a7e512f84f4d91fd87d02504b07086e32084be50000004a020000504b0304140008080800c24bd95800000000000000000000000010000000646f6350726f70732f6170702e786d6c4d8ec10ac2301044ef82ff10726fb77a109134a52082277bd00f08e9d6069a4d4856e9e79b937a9c19e6f154b7fa45bc316517a895bbba9102c986d1d1b3958ffba53aca4e6f376a4821626287599407e556ceccf10490ed8cdee4bacc549629246fb8c4f484304dcee239d8974762d837cd017065a411c72a7e8152ab3ec6c559c34542f7d114a4186e5705ffbd829f83fe00504b0708366e832193000000b8000000504b0304140008080800c24bd95800000000000000000000000011000000646f6350726f70732f636f72652e786d6c6d90d14ac33014865f25e4be3d693b8784b6439481a03870e2f02e24c7b6d8262189767b7bd33a2ba87749feef7c9cfce5e638f4e4039def8cae6896324a504ba33add54f469bf4d2e29f14168257aa3b1a227f4745397d272691cee9cb1e842879e448ff65cda8ab621580ee0658b83f06924740c5f8d1b448857d78015f24d340839636b1830082582804998d8c548cf4a2517a57d77fd2c5012b0c70175f090a519fcb001dde0ff1d9893853cfa6ea1c6714cc762e6e246191ceeef1ee7e5934e4f7f9748ebf2ace6d2a108a84814f070b2b192efe4b9b8bed96f699db37c95b075925fecb3152f1867c54b09bfe627e1d7d9b8fa2a16d222d93ddc4edcf25cc29f9aeb4f504b070868d1237706010000b1010000504b0304140008080800c24bd95800000000000000000000000014000000786c2f736861726564537472696e67732e786d6c7d92414ec3301045f748dcc1f29e38add4d254492a54da0542158b7200e30c8991ed311ea7ea921bb1e008dc8493908a05100b967eeffb7b2cbb5c1dad610708a4d1557c92e59c8153d868d756fc7ebfbd58f0557d7e561245a6b07771082d38eb9d7eee61fd0d861a4715ef62f44b214875602565e8c10de611839571588656900f201bea00a235629ae77361a576bc2e49d765ac77681f025029625d8a13fac2571e8cd10d2662af3db26b54bd0517716cff147701db20ad64dbd36c4abfbfb97164a70f60fef1eb3e50d2bb05d5c931dc50944d12bd014d8449ed2da46c0d4d6f246b806d8e3148f7044127a74cf2e2322fe6d3d92cb90932e98d56c9963d288706dbf16ce2572a2f96d382c9ece3e5d566c9c3b0a8c1fa1f0d62f82bf527504b07088b2b680a2001000059020000504b0304140008080800c24bd9580000000000000000000000000d000000786c2f7374796c65732e786d6cb5933d6fc2301086f74afd0f96f7e2006a8baa240c48549da15257135f82557f44b641497f7dfd119a3031a02ef1dd9b7b1f9fcf49beeea4406730966b55e0f92cc30854a519574d813ff7dba7155e978f0fb975bd80dd11c021ef50b6c047e7da37426c750449ed4cb7a0fc9b5a1b499d4f4d436c6b80321b4c52904596bd1049b9c265ae4e722b9d45953e2957e00c9332afb51a95394e4299db1f74a6c22ba1375f5669a10de28a4107acc0aba0292a21556da8e007c3238f4a2efa242f82103b1dea2457da0491a45de262bd890bf1d7c40227a1cc5bea1c18b5f5091ae27ddf428195569030b1ee4635a3e6fbddd07ee2888bdff8a00df3b7303d7f92ca5c40edbcc1f0e61856a75b125e3aa7a50f18a78d565404e4c531041e5b8110bb70755ff515bbab51ba830f16c68fc2f12fa16f6808132625813fa525f6dd58d4d5d7fc8866ddc85de298df1caed582b330b66673fd89cc5f237c621ca71fc177d19f97ff499f6737e8e1e90746c6ffb3fc05504b070879b5b23c72010000d4030000504b0304140008080800c24bd9580000000000000000000000000f000000786c2f776f726b626f6f6b2e786d6c8d90414fc3300c85ef48fc87c87796141082aae984849076e33076f712778dd624551c367e3e69a70e8e9caca7f7f9f9c9cdfadb0fe244895d0c1aaa950241c144ebc241c3e7f6fdee19d6eded4d738ee9b88ff1280a1f58439ff3584bc9a6278fbc8a2385e2743179cc45a683e431115aee89b21fe4bd524fd2a30b7049a8d37f3262d739436fd17c790af9129268c05cda72ef4686f6daec23098b99aa17f5a8a1c3810964db4cceced1997fc1490a34d99d688b7b0d6ae2e41f70eebc4c11d0938657769ccb671c8248b5b31ad2c63e8098994d91d59cb2accae558fb03504b0708b3cdf9fbdf00000062010000504b0304140008080800c24bd9580000000000000000000000001a000000786c2f5f72656c732f776f726b626f6f6b2e786d6c2e72656c73ad914d6bc3300c40ff8ad17d71d2c118a36e2f63d06b3f7e80b0953834b18da5b5cbbfafbbc3d640073bf4248cf07b0fb45c7f8d833a51e63e06034d5583a260a3eb4367e0b0ff787a05c582c1e1100319988861bd5a6e6940295fd8f78955610436e045d29bd66c3d8dc8554c14caa68d794429cfdce984f6881de9455dbfe87ccb8039536d9c81bc710da83de68ec4007bcce476924b1a57055c5653a2ff6863dbf696dea3fd1c29c81dbb9ec141df8f59dcc4c834d0e32bbea97fe99f7ff5e7988fec89e45a5e46f3e8921fc13546cfaebdba00504b070867eba2a8d500000034020000504b0304140008080800c24bd95800000000000000000000000018000000786c2f776f726b7368656574732f7368656574312e786d6ca594c16edb300c86ef03f60e82ee8b626769bac27691354de3c380a1eb76576c3a112a5baec424eddb8f76d3c0b67c197613a58ffaa91f22a3dbd752b32358a74c15f36032e50caacce4aadac5fcf7d3facb35bf4d3e7f8a4ec63ebb3d00324aa85cccf788f58d102edb4329ddc4d450d149616c299142bb13aeb620f336a9d4229c4eaf442955c593285725548d22b350c47c19dca4211749d4b27f149c5c67cd1ae9ad31cf4d90e631a712516e7f81860c8162b40768b28597be6eabf969590e853c687c34a70da8dd1ee9a5737aea87e44aa24c226b4eccd2091598358b65404231779cb94634898ec934124712cacec4779f08fac49d4f847d62e513b33e71ef135ffbc4da27e67de2c127aefac4c627167d22f589eb0b21c8bd8b85e1c5c2d04bf936b0d0278281cb7723c8c0e6d50832f0f97e041918bd1e41064e3f8c2003ab3723c8c0eb7404590cac149d9f99992a5748fd22f5fb97466a4fe65edaee495bb78bc78306866f35c43c03ad53ba9c7ad24a3424082f07a939cb5f8b7303d55619abf0edfdbb375d7bd032e14b860acadaf0487cec5149edddffa8117435c2aec693b439fcbf40d815987505d24a3ae590c69892a33a62d4cf24aae50e7e48bb5395635b83684af26ab29873561883609b68c6d99ea6da25d050604b7166df274bbb46539f739bc174199ec95f504b07080b55f657f001000070050000504b01021400140008080800c24bd958912c28bc3b0100001d0400001300000000000000000000000000000000005b436f6e74656e745f54797065735d2e786d6c504b01021400140008080800c24bd9586e32084be50000004a0200000b000000000000000000000000007c0100005f72656c732f2e72656c73504b01021400140008080800c24bd958366e832193000000b800000010000000000000000000000000009a020000646f6350726f70732f6170702e786d6c504b01021400140008080800c24bd95868d1237706010000b101000011000000000000000000000000006b030000646f6350726f70732f636f72652e786d6c504b01021400140008080800c24bd9588b2b680a20010000590200001400000000000000000000000000b0040000786c2f736861726564537472696e67732e786d6c504b01021400140008080800c24bd95879b5b23c72010000d40300000d0000000000000000000000000012060000786c2f7374796c65732e786d6c504b01021400140008080800c24bd958b3cdf9fbdf000000620100000f00000000000000000000000000bf070000786c2f776f726b626f6f6b2e786d6c504b01021400140008080800c24bd95867eba2a8d5000000340200001a00000000000000000000000000db080000786c2f5f72656c732f776f726b626f6f6b2e786d6c2e72656c73504b01021400140008080800c24bd9580b55f657f0010000700500001800000000000000000000000000f8090000786c2f776f726b7368656574732f7368656574312e786d6c504b050600000000090009003f0200002e0c00000000, '2024-06-25 09:30:04'),
(13, 0x504b0304140008080800687cd958000000000000000000000000130000005b436f6e74656e745f54797065735d2e786d6cb553cb6ec23010fc95c8d72a36f450551581431fc716a9f4035c7b9358f825afa1f0f75d07389452890a71f26366676657f664b671b65a4342137cc3c67cc42af02a68e3bb867d2c5eea7b5661965e4b1b3c346c0bc866d3c9621b012baaf5d8b03ee7f82004aa1e9c441e227842da909ccc744c9d88522d6507e27634ba132af80c3ed7b968b0e9e4095ab9b2b97adcdd17e986c918ad5132532cb1f6fa48b4de0bf20476e0606f22de108155cf1b52d9b54328327186c371613953dd1b0d26190dff8a16dad628d041ad1c957028aa1a741d13115336b0cf399729bf4a478282c87342519034bfc4fb301615129c65588817391e758b3181d4d803646739f632817ecf895ed3ef101b2b7e10ae98236fed892994000372cd09d0ca9d34fe94fb5748cbcf1096d7f32f0ec3fe2ffb0144312ce3430e317cefe937504b0708912c28bc3b0100001d040000504b0304140008080800687cd9580000000000000000000000000b0000005f72656c732f2e72656c73ad92c14a033110865f25ccbd9b6d051169da8b08bd89d4071893d9ddb09b4c4846ddbebdc18bb66c41c1e33033dfff31c9763f8749bd532e9ea38175d382a268d9f9d81b78393eaeee4015c1e870e248064e5460bfdb3ed3845257cae0535195118b814124dd6b5dec40014bc38962ed749c034a2d73af13da117bd29bb6bdd5f92703ce99eae00ce4835b833a62ee490ccc93fee03cbe328f4dc5d6c629d16f42b9ebbca507b66f81a22c645f4c805e76d97cbb38b64f99eb26a6f4df32340b45476e956a0265f1f5e2578c6e168c2c67fa9bd2f547d181041d0a7e512f84f4d91fd87d02504b07086e32084be50000004a020000504b0304140008080800687cd95800000000000000000000000010000000646f6350726f70732f6170702e786d6c4d8ec10ac2301044ef82ff10726fb77a109134a52082277bd00f08e9d6069a4d4856e9e79b937a9c19e6f154b7fa45bc316517a895bbba9102c986d1d1b3958ffba53aca4e6f376a4821626287599407e556ceccf10490ed8cdee4bacc549629246fb8c4f484304dcee239d8974762d837cd017065a411c72a7e8152ab3ec6c559c34542f7d114a4186e5705ffbd829f83fe00504b0708366e832193000000b8000000504b0304140008080800687cd95800000000000000000000000011000000646f6350726f70732f636f72652e786d6c6d905d4bc3301486ff4ac87d7bfae1a684b6439481a03870a2781792635b6c3e48a2ddfebd699d15d4bb24ef731e4ede6a735003f940e77ba36b9aa71925a88591bd6e6bfab8df261794f8c0b5e483d158d3237aba692a6199300e77ce5874a1474fa2477b266c4dbb102c03f0a243c57d1a091dc357e3140ff1ea5ab05cbcf116a1c8b235280c5cf2c06112267631d293528a4569dfdd300ba4001c50a10e1ef234871f36a053fedf813959c883ef176a1cc7742c672e6e94c3f3ddedc3bc7cd2ebe9ef0269539dd44c38e401258902168e3656f29d3c9557d7fb2d6d8aac384bb27552acf645c6ca15cbcf5f2af8353f09bfcec63597b1900ec9eefe66e296e70afed4dc7c02504b0708901e90ef07010000b1010000504b0304140008080800687cd95800000000000000000000000014000000786c2f736861726564537472696e67732e786d6c7d92414e02311486f726dea1e9dee90001810c430cc2c218e2020e50dbe74c4ddb57fb3a84a53772e111bc892771880b121a5df6fbfefe7d2f69b53c3acb0e10c9a05ff0415172065ea136be59f0fd6e7333e5cbfafaaa224a4c61e7531f9a72d679f3d6c1ea0cfa1a4f0bdea614e642906ac1492a3080efcd0b4627537f8c8da010416a6a0192b362589613e1a4f1bcaec8d455aab7e89e235025525d8913fac57701ac351a33b13301d93daace814f7869ff144f119b289d649bd36cca7c7dfacbc8d61cc0fee3575da4ac7703aa9597704d49ea2cfa008608b3da47c8d90a746725d3c0d6c714a57f8568b25706e5ecb69c4d86e371b6093219ac51d9951d288f169b6c366973568ee6a3110bc5f7fb872bb22619359ca1e8ff4bfd03504b0708dd2ffc921e0100005d020000504b0304140008080800687cd9580000000000000000000000000d000000786c2f7374796c65732e786d6cb593cb6e83301045f795fa0f96f78d498a92a80222252a55d749a56e1d6cc0aa1fc87622e8d7d70f5a925516513778e632f7783c866cd30b0ece541ba6640ee7b304022a2b45986c72f871289fd670533c3e64c60e9cee5b4a2d700e6972d85adbbd2064aa960a6c66aaa3d2bda99516d8ba5437c8749a6262bc4970b44892251298495864f2244a610da8d449da1c26101559ade4a4cc61148acc7c8333e64ef1bdb9b24a71a5019384f694e470ed3589058d553bccd951b3c0c382f121ca0b2f844ec73ac1a4d25e447197b01867629cff35b1805128b20e5b4bb52c5d02c6f83074348752491a31a1ee4635c1faeb4de3e1c21116b7f15169e26ee1f2fc512a324e6beb0c9a35ad5fadea907f69ad122e200c374a62ee91bf8e3170d88a72bef757f7595fb1fb1ac43b78277efcc01fff37740d8d61c4c4c4f32f69917d3716f4f5353fa0493f719f61c86f0ed728ce881f5bb30b9f886e8e392ccbddf235d9a6017f619de61fd077f0cb749bacff935fa6ab747583ef9f6e6c68fa4b8b1f504b070879df0a0080010000da030000504b0304140008080800687cd9580000000000000000000000000f000000786c2f776f726b626f6f6b2e786d6c8d90414fc3300c85ef48fc87c87796141082aae984849076e33076f712778dd624551c367e3e69a70e8e9caca7f7f9f9c9cdfadb0fe244895d0c1aaa950241c144ebc241c3e7f6fdee19d6eded4d738ee9b88ff1280a1f58439ff3584bc9a6278fbc8a2385e2743179cc45a683e431115aee89b21fe4bd524fd2a30b7049a8d37f3262d739436fd17c790af9129268c05cda72ef4686f6daec23098b99aa17f5a8a1c3810964db4cceced1997fc1490a34d99d688b7b0d6ae2e41f70eebc4c11d0938657769ccb671c8248b5b31ad2c63e8098994d91d59cb2accae558fb03504b0708b3cdf9fbdf00000062010000504b0304140008080800687cd9580000000000000000000000001a000000786c2f5f72656c732f776f726b626f6f6b2e786d6c2e72656c73ad914d6bc3300c40ff8ad17d71d2c118a36e2f63d06b3f7e80b0953834b18da5b5cbbfafbbc3d640073bf4248cf07b0fb45c7f8d833a51e63e06034d5583a260a3eb4367e0b0ff787a05c582c1e1100319988861bd5a6e6940295fd8f78955610436e045d29bd66c3d8dc8554c14caa68d794429cfdce984f6881de9455dbfe87ccb8039536d9c81bc710da83de68ec4007bcce476924b1a57055c5653a2ff6863dbf696dea3fd1c29c81dbb9ec141df8f59dcc4c834d0e32bbea97fe99f7ff5e7988fec89e45a5e46f3e8921fc13546cfaebdba00504b070867eba2a8d500000034020000504b0304140008080800687cd95800000000000000000000000018000000786c2f776f726b7368656574732f7368656574312e786d6ca594c16edb300c86ef03f60e82ee8b626769bac27691354de3c380a1eb76576c3a112a5baec424eddb8f76d3c0b67c197613a58ffaa91f22a3dbd752b32358a74c15f36032e50caacce4aadac5fcf7d3facb35bf4d3e7f8a4ec63ebb3d00324aa85cccf788f58d102edb4329ddc4d450d149616c299142bb13aeb620f336a9d4229c4eaf442955c593285725548d22b350c47c19dca4211749d4b27f149c5c67cd1ae9ad31cf4d90e631a712516e7f81860c8162b40768b28597be6eabf969590e853c687c34a70da8dd1ee9a5737aea87e44aa24c226b4eccd2091598358b65404231779cb94634898ec934124712cacec4779f08fac49d4f847d62e513b33e71ef135ffbc4da27e67de2c127aefac4c627167d22f589eb0b21c8bd8b85e1c5c2d04bf936b0d0278281cb7723c8c0e6d50832f0f97e041918bd1e41064e3f8c2003ab3723c8c0eb7404590cac149d9f99992a5748fd22f5fb97466a4fe65edaee495bb78bc78306866f35c43c03ad53ba9c7ad24a3424082f07a939cb5f8b7303d55619abf0edfdbb375d7bd032e14b860acadaf0487cec5149edddffa8117435c2aec693b439fcbf40d815987505d24a3ae590c69892a33a62d4cf24aae50e7e48bb5395635b83684af26ab29873561883609b68c6d99ea6da25d050604b7166df274bbb46539f739bc174199ec95f504b07080b55f657f001000070050000504b01021400140008080800687cd958912c28bc3b0100001d0400001300000000000000000000000000000000005b436f6e74656e745f54797065735d2e786d6c504b01021400140008080800687cd9586e32084be50000004a0200000b000000000000000000000000007c0100005f72656c732f2e72656c73504b01021400140008080800687cd958366e832193000000b800000010000000000000000000000000009a020000646f6350726f70732f6170702e786d6c504b01021400140008080800687cd958901e90ef07010000b101000011000000000000000000000000006b030000646f6350726f70732f636f72652e786d6c504b01021400140008080800687cd958dd2ffc921e0100005d0200001400000000000000000000000000b1040000786c2f736861726564537472696e67732e786d6c504b01021400140008080800687cd95879df0a0080010000da0300000d0000000000000000000000000011060000786c2f7374796c65732e786d6c504b01021400140008080800687cd958b3cdf9fbdf000000620100000f00000000000000000000000000cc070000786c2f776f726b626f6f6b2e786d6c504b01021400140008080800687cd95867eba2a8d5000000340200001a00000000000000000000000000e8080000786c2f5f72656c732f776f726b626f6f6b2e786d6c2e72656c73504b01021400140008080800687cd9580b55f657f0010000700500001800000000000000000000000000050a0000786c2f776f726b7368656574732f7368656574312e786d6c504b050600000000090009003f0200003b0c00000000, '2024-06-25 15:35:17'),
(14, 0x504b0304140008080800c57cd958000000000000000000000000130000005b436f6e74656e745f54797065735d2e786d6cb553cb6ec23010fc95c8d72a36f450551581431fc716a9f4035c7b9358f825afa1f0f75d07389452890a71f26366676657f664b671b65a4342137cc3c67cc42af02a68e3bb867d2c5eea7b5661965e4b1b3c346c0bc866d3c9621b012baaf5d8b03ee7f82004aa1e9c441e227842da909ccc744c9d88522d6507e27634ba132af80c3ed7b968b0e9e4095ab9b2b97adcdd17e986c918ad5132532cb1f6fa48b4de0bf20476e0606f22de108155cf1b52d9b54328327186c371613953dd1b0d26190dff8a16dad628d041ad1c957028aa1a741d13115336b0cf399729bf4a478282c87342519034bfc4fb301615129c65588817391e758b3181d4d803646739f632817ecf895ed3ef101b2b7e10ae98236fed892994000372cd09d0ca9d34fe94fb5748cbcf1096d7f32f0ec3fe2ffb0144312ce3430e317cefe937504b0708912c28bc3b0100001d040000504b0304140008080800c57cd9580000000000000000000000000b0000005f72656c732f2e72656c73ad92c14a033110865f25ccbd9b6d051169da8b08bd89d4071893d9ddb09b4c4846ddbebdc18bb66c41c1e33033dfff31c9763f8749bd532e9ea38175d382a268d9f9d81b78393eaeee4015c1e870e248064e5460bfdb3ed3845257cae0535195118b814124dd6b5dec40014bc38962ed749c034a2d73af13da117bd29bb6bdd5f92703ce99eae00ce4835b833a62ee490ccc93fee03cbe328f4dc5d6c629d16f42b9ebbca507b66f81a22c645f4c805e76d97cbb38b64f99eb26a6f4df32340b45476e956a0265f1f5e2578c6e168c2c67fa9bd2f547d181041d0a7e512f84f4d91fd87d02504b07086e32084be50000004a020000504b0304140008080800c57cd95800000000000000000000000010000000646f6350726f70732f6170702e786d6c4d8ec10ac2301044ef82ff10726fb77a109134a52082277bd00f08e9d6069a4d4856e9e79b937a9c19e6f154b7fa45bc316517a895bbba9102c986d1d1b3958ffba53aca4e6f376a4821626287599407e556ceccf10490ed8cdee4bacc549629246fb8c4f484304dcee239d8974762d837cd017065a411c72a7e8152ab3ec6c559c34542f7d114a4186e5705ffbd829f83fe00504b0708366e832193000000b8000000504b0304140008080800c57cd95800000000000000000000000011000000646f6350726f70732f636f72652e786d6c6d905d4bc3301486ff4ac87d9ba4d53142db21ca40501c3871781792635b6c3e48a2ddfebd699d15d4bb24ef731e4ede6a73d403fa001f7a6b6acc728a111869556fda1a3fedb7d91aa310855162b0066a7c8280374d251d97d6c3ce5b073ef61050f298c0a5ab7117a3e38404d98116214f8449e1abf55ac474f52d7142be89164841e98a6888428928c824ccdc62c467a5928bd2bdfb6116284960000d2606c272467ed8085e877f07e664218fa15fa8711cf3b19cb9b4112387fbbbc779f9ac37d3df25e0a63aabb9f420222894043c9e5caae43b792eaf6ff65bdc14b4b8c8e82a2b2ef705e5e59a33f652915ff393f0eb6c7d73950ae900ed1e6e276e79aec89f9a9b4f504b0708026fd4b606010000b1010000504b0304140008080800c57cd95800000000000000000000000014000000786c2f736861726564537472696e67732e786d6c7d92414e02311486f726dea1e9dee90001810c430cc2c218e2020e50dbe74c4ddb57fb3a84a53772e111bc892771880b121a5df6fbfefe7d2f69b53c3acb0e10c9a05ff0415172065ea136be59f0fd6e7333e5cbfafaaa224a4c61e7531f9a72d679f3d6c1ea0cfa1a4f0bdea614e642906ac1492a3080efcd0b4627537f8c8da010416a6a0192b362589613e1a4f1bcaec8d455aab7e89e235025525d8913fac57701ac351a33b13301d93daace814f7869ff144f119b289d649bd36cca7c7dfacbc8d61cc0fee3575da4ac7703aa9597704d49ea2cfa008608b3da47c8d90a746725d3c0d6c714a57f8568b25706e5ecb69c4d86e371b6093219ac51d9951d288f169b6c366973568ee6a3290bc5f7fb872bb22619359ca1e8ff4bfd03504b0708ef00d1b11e0100005d020000504b0304140008080800c57cd9580000000000000000000000000d000000786c2f7374796c65732e786d6cb593cb6e83301045f795fa0f96f78d498a92a80222252a55d749a56e1d6cc0aa1fc87622e8d7d70f5a925516513778e632f7783c866cd30b0ece541ba6640ee7b304022a2b45986c72f871289fd670533c3e64c60e9cee5b4a2d700e6972d85adbbd2064aa960a6c66aaa3d2bda99516d8ba5437c8749a6262bc4970b44892251298495864f2244a610da8d449da1c26101559ade4a4cc61148acc7c8333e64ef1bdb9b24a71a5019384f694e470ed3589058d553bccd951b3c0c382f121ca0b2f844ec73ac1a4d25e447197b01867629cff35b1805128b20e5b4bb52c5d02c6f83074348752491a31a1ee4635c1faeb4de3e1c21116b7f15169e26ee1f2fc512a324e6beb0c9a35ad5fadea907f69ad122e200c374a62ee91bf8e3170d88a72bef757f7595fb1fb1ac43b78277efcc01fff37740d8d61c4c4c4f32f69917d3716f4f5353fa0493f719f61c86f0ed728ce881f5bb30b9f886e8e392ccbddf235d9a6017f619de61fd077f0cb749bacff935fa6ab747583ef9f6e6c68fa4b8b1f504b070879df0a0080010000da030000504b0304140008080800c57cd9580000000000000000000000000f000000786c2f776f726b626f6f6b2e786d6c8d90414fc3300c85ef48fc87c87796141082aae984849076e33076f712778dd624551c367e3e69a70e8e9caca7f7f9f9c9cdfadb0fe244895d0c1aaa950241c144ebc241c3e7f6fdee19d6eded4d738ee9b88ff1280a1f58439ff3584bc9a6278fbc8a2385e2743179cc45a683e431115aee89b21fe4bd524fd2a30b7049a8d37f3262d739436fd17c790af9129268c05cda72ef4686f6daec23098b99aa17f5a8a1c3810964db4cceced1997fc1490a34d99d688b7b0d6ae2e41f70eebc4c11d0938657769ccb671c8248b5b31ad2c63e8098994d91d59cb2accae558fb03504b0708b3cdf9fbdf00000062010000504b0304140008080800c57cd9580000000000000000000000001a000000786c2f5f72656c732f776f726b626f6f6b2e786d6c2e72656c73ad914d6bc3300c40ff8ad17d71d2c118a36e2f63d06b3f7e80b0953834b18da5b5cbbfafbbc3d640073bf4248cf07b0fb45c7f8d833a51e63e06034d5583a260a3eb4367e0b0ff787a05c582c1e1100319988861bd5a6e6940295fd8f78955610436e045d29bd66c3d8dc8554c14caa68d794429cfdce984f6881de9455dbfe87ccb8039536d9c81bc710da83de68ec4007bcce476924b1a57055c5653a2ff6863dbf696dea3fd1c29c81dbb9ec141df8f59dcc4c834d0e32bbea97fe99f7ff5e7988fec89e45a5e46f3e8921fc13546cfaebdba00504b070867eba2a8d500000034020000504b0304140008080800c57cd95800000000000000000000000018000000786c2f776f726b7368656574732f7368656574312e786d6ca594c16edb300c86ef03f60e82ee8b626769bac27691354de3c380a1eb76576c3a112a5baec424eddb8f76d3c0b67c197613a58ffaa91f22a3dbd752b32358a74c15f36032e50caacce4aadac5fcf7d3facb35bf4d3e7f8a4ec63ebb3d00324aa85cccf788f58d102edb4329ddc4d450d149616c299142bb13aeb620f336a9d4229c4eaf442955c593285725548d22b350c47c19dca4211749d4b27f149c5c67cd1ae9ad31cf4d90e631a712516e7f81860c8162b40768b28597be6eabf969590e853c687c34a70da8dd1ee9a5737aea87e44aa24c226b4eccd2091598358b65404231779cb94634898ec934124712cacec4779f08fac49d4f847d62e513b33e71ef135ffbc4da27e67de2c127aefac4c627167d22f589eb0b21c8bd8b85e1c5c2d04bf936b0d0278281cb7723c8c0e6d50832f0f97e041918bd1e41064e3f8c2003ab3723c8c0eb7404590cac149d9f99992a5748fd22f5fb97466a4fe65edaee495bb78bc78306866f35c43c03ad53ba9c7ad24a3424082f07a939cb5f8b7303d55619abf0edfdbb375d7bd032e14b860acadaf0487cec5149edddffa8117435c2aec693b439fcbf40d815987505d24a3ae590c69892a33a62d4cf24aae50e7e48bb5395635b83684af26ab29873561883609b68c6d99ea6da25d050604b7166df274bbb46539f739bc174199ec95f504b07080b55f657f001000070050000504b01021400140008080800c57cd958912c28bc3b0100001d0400001300000000000000000000000000000000005b436f6e74656e745f54797065735d2e786d6c504b01021400140008080800c57cd9586e32084be50000004a0200000b000000000000000000000000007c0100005f72656c732f2e72656c73504b01021400140008080800c57cd958366e832193000000b800000010000000000000000000000000009a020000646f6350726f70732f6170702e786d6c504b01021400140008080800c57cd958026fd4b606010000b101000011000000000000000000000000006b030000646f6350726f70732f636f72652e786d6c504b01021400140008080800c57cd958ef00d1b11e0100005d0200001400000000000000000000000000b0040000786c2f736861726564537472696e67732e786d6c504b01021400140008080800c57cd95879df0a0080010000da0300000d0000000000000000000000000010060000786c2f7374796c65732e786d6c504b01021400140008080800c57cd958b3cdf9fbdf000000620100000f00000000000000000000000000cb070000786c2f776f726b626f6f6b2e786d6c504b01021400140008080800c57cd95867eba2a8d5000000340200001a00000000000000000000000000e7080000786c2f5f72656c732f776f726b626f6f6b2e786d6c2e72656c73504b01021400140008080800c57cd9580b55f657f0010000700500001800000000000000000000000000040a0000786c2f776f726b7368656574732f7368656574312e786d6c504b050600000000090009003f0200003a0c00000000, '2024-06-25 15:38:11'),
(15, 0x504b0304140008080800dc7cd958000000000000000000000000130000005b436f6e74656e745f54797065735d2e786d6cb553cb6ec23010fc95c8d72a36f450551581431fc716a9f4035c7b9358f825afa1f0f75d07389452890a71f26366676657f664b671b65a4342137cc3c67cc42af02a68e3bb867d2c5eea7b5661965e4b1b3c346c0bc866d3c9621b012baaf5d8b03ee7f82004aa1e9c441e227842da909ccc744c9d88522d6507e27634ba132af80c3ed7b968b0e9e4095ab9b2b97adcdd17e986c918ad5132532cb1f6fa48b4de0bf20476e0606f22de108155cf1b52d9b54328327186c371613953dd1b0d26190dff8a16dad628d041ad1c957028aa1a741d13115336b0cf399729bf4a478282c87342519034bfc4fb301615129c65588817391e758b3181d4d803646739f632817ecf895ed3ef101b2b7e10ae98236fed892994000372cd09d0ca9d34fe94fb5748cbcf1096d7f32f0ec3fe2ffb0144312ce3430e317cefe937504b0708912c28bc3b0100001d040000504b0304140008080800dc7cd9580000000000000000000000000b0000005f72656c732f2e72656c73ad92c14a033110865f25ccbd9b6d051169da8b08bd89d4071893d9ddb09b4c4846ddbebdc18bb66c41c1e33033dfff31c9763f8749bd532e9ea38175d382a268d9f9d81b78393eaeee4015c1e870e248064e5460bfdb3ed3845257cae0535195118b814124dd6b5dec40014bc38962ed749c034a2d73af13da117bd29bb6bdd5f92703ce99eae00ce4835b833a62ee490ccc93fee03cbe328f4dc5d6c629d16f42b9ebbca507b66f81a22c645f4c805e76d97cbb38b64f99eb26a6f4df32340b45476e956a0265f1f5e2578c6e168c2c67fa9bd2f547d181041d0a7e512f84f4d91fd87d02504b07086e32084be50000004a020000504b0304140008080800dc7cd95800000000000000000000000010000000646f6350726f70732f6170702e786d6c4d8ec10ac2301044ef82ff10726fb77a109134a52082277bd00f08e9d6069a4d4856e9e79b937a9c19e6f154b7fa45bc316517a895bbba9102c986d1d1b3958ffba53aca4e6f376a4821626287599407e556ceccf10490ed8cdee4bacc549629246fb8c4f484304dcee239d8974762d837cd017065a411c72a7e8152ab3ec6c559c34542f7d114a4186e5705ffbd829f83fe00504b0708366e832193000000b8000000504b0304140008080800dc7cd95800000000000000000000000011000000646f6350726f70732f636f72652e786d6c6d905d4bc3301486ff4ac87d9bb4756584b6439481a038b0a2781792635b6c3e48a2ddfebd699d15d4bb24ef731e4ede6a775423fa00e707a36b9ca51423d0c2c84177357e6cf7c916231fb8967c341a6a7c028f774d252c13c6c1c1190b2e0ce051f468cf84ad711f82658478d183e23e8d848ee1ab718a8778751db15cbcf10e484e694914042e79e06416267635e2b3528a5569dfddb808a4203082021d3cc9d28cfcb0019cf2ff0e2cc94a1efdb052d334a553b17071a38c3cdfdd3e2ccb27839eff2e0037d559cd84031e40a22860e1646325dfc9537175ddee7193d3fc22a165926fda9cb262cb36e54b457ecdcfc2afb371cd652ca40774b8bf99b9f5b9227f6a6e3e01504b070829fd467a07010000b1010000504b0304140008080800dc7cd95800000000000000000000000014000000786c2f736861726564537472696e67732e786d6c7d92414ec3301045f748dcc1f29e386dd5d256492a54da0542158b7200d71e1223db133c4ed5253762c111b8092721158b4ab160e9f7bebf672417ab93b3ec08810cfa928fb29c33f00ab5f175c99ff7db9b395f55d7570551640a3b1ffbd09cb3ce9bb70ed617d0d7782a791363bb148254034e52862df8debc607032f6c7500b6a03484d0d4074568cf37c269c349e570599aa88d50edd21001522568538a35f7cd782b5466322f6a645768faa73e0230eed9fe229601da4936c7b9e4d99af4f3f8ceccc11ec3f7edd054a7ab7a01a39841b8a5227d107304498d43e42cad6a03b2b9906b639c520fd2b0493bc32ca17b7f962369e4e934d90c9d61a955cd983f268b14e6653e6006108f3c97232676df6fdfee1b2a44a060d1728fa0f53fd00504b0708526681db210100005e020000504b0304140008080800dc7cd9580000000000000000000000000d000000786c2f7374796c65732e786d6cb593cb6e83301045f795fa0f96f78d498a92a80222252a55d749a56e1d6cc0aa1fc87622e8d7d70f5a925516513778e632f7783c866cd30b0ece541ba6640ee7b304022a2b45986c72f871289fd670533c3e64c60e9cee5b4a2d700e6972d85adbbd2064aa960a6c66aaa3d2bda99516d8ba5437c8749a6262bc4970b44892251298495864f2244a610da8d449da1c26101559ade4a4cc61148acc7c8333e64ef1bdb9b24a71a5019384f694e470ed3589058d553bccd951b3c0c382f121ca0b2f844ec73ac1a4d25e447197b01867629cff35b1805128b20e5b4bb52c5d02c6f83074348752491a31a1ee4635c1faeb4de3e1c21116b7f15169e26ee1f2fc512a324e6beb0c9a35ad5fadea907f69ad122e200c374a62ee91bf8e3170d88a72bef757f7595fb1fb1ac43b78277efcc01fff37740d8d61c4c4c4f32f69917d3716f4f5353fa0493f719f61c86f0ed728ce881f5bb30b9f886e8e392ccbddf235d9a6017f619de61fd077f0cb749bacff935fa6ab747583ef9f6e6c68fa4b8b1f504b070879df0a0080010000da030000504b0304140008080800dc7cd9580000000000000000000000000f000000786c2f776f726b626f6f6b2e786d6c8d90414fc3300c85ef48fc87c87796141082aae984849076e33076f712778dd624551c367e3e69a70e8e9caca7f7f9f9c9cdfadb0fe244895d0c1aaa950241c144ebc241c3e7f6fdee19d6eded4d738ee9b88ff1280a1f58439ff3584bc9a6278fbc8a2385e2743179cc45a683e431115aee89b21fe4bd524fd2a30b7049a8d37f3262d739436fd17c790af9129268c05cda72ef4686f6daec23098b99aa17f5a8a1c3810964db4cceced1997fc1490a34d99d688b7b0d6ae2e41f70eebc4c11d0938657769ccb671c8248b5b31ad2c63e8098994d91d59cb2accae558fb03504b0708b3cdf9fbdf00000062010000504b0304140008080800dc7cd9580000000000000000000000001a000000786c2f5f72656c732f776f726b626f6f6b2e786d6c2e72656c73ad914d6bc3300c40ff8ad17d71d2c118a36e2f63d06b3f7e80b0953834b18da5b5cbbfafbbc3d640073bf4248cf07b0fb45c7f8d833a51e63e06034d5583a260a3eb4367e0b0ff787a05c582c1e1100319988861bd5a6e6940295fd8f78955610436e045d29bd66c3d8dc8554c14caa68d794429cfdce984f6881de9455dbfe87ccb8039536d9c81bc710da83de68ec4007bcce476924b1a57055c5653a2ff6863dbf696dea3fd1c29c81dbb9ec141df8f59dcc4c834d0e32bbea97fe99f7ff5e7988fec89e45a5e46f3e8921fc13546cfaebdba00504b070867eba2a8d500000034020000504b0304140008080800dc7cd95800000000000000000000000018000000786c2f776f726b7368656574732f7368656574312e786d6ca594c16edb300c86ef03f60e82ee8b626769bac27691354de3c380a1eb76576c3a112a5baec424eddb8f76d3c0b67c197613a58ffaa91f22a3dbd752b32358a74c15f36032e50caacce4aadac5fcf7d3facb35bf4d3e7f8a4ec63ebb3d00324aa85cccf788f58d102edb4329ddc4d450d149616c299142bb13aeb620f336a9d4229c4eaf442955c593285725548d22b350c47c19dca4211749d4b27f149c5c67cd1ae9ad31cf4d90e631a712516e7f81860c8162b40768b28597be6eabf969590e853c687c34a70da8dd1ee9a5737aea87e44aa24c226b4eccd2091598358b65404231779cb94634898ec934124712cacec4779f08fac49d4f847d62e513b33e71ef135ffbc4da27e67de2c127aefac4c627167d22f589eb0b21c8bd8b85e1c5c2d04bf936b0d0278281cb7723c8c0e6d50832f0f97e041918bd1e41064e3f8c2003ab3723c8c0eb7404590cac149d9f99992a5748fd22f5fb97466a4fe65edaee495bb78bc78306866f35c43c03ad53ba9c7ad24a3424082f07a939cb5f8b7303d55619abf0edfdbb375d7bd032e14b860acadaf0487cec5149edddffa8117435c2aec693b439fcbf40d815987505d24a3ae590c69892a33a62d4cf24aae50e7e48bb5395635b83684af26ab29873561883609b68c6d99ea6da25d050604b7166df274bbb46539f739bc174199ec95f504b07080b55f657f001000070050000504b01021400140008080800dc7cd958912c28bc3b0100001d0400001300000000000000000000000000000000005b436f6e74656e745f54797065735d2e786d6c504b01021400140008080800dc7cd9586e32084be50000004a0200000b000000000000000000000000007c0100005f72656c732f2e72656c73504b01021400140008080800dc7cd958366e832193000000b800000010000000000000000000000000009a020000646f6350726f70732f6170702e786d6c504b01021400140008080800dc7cd95829fd467a07010000b101000011000000000000000000000000006b030000646f6350726f70732f636f72652e786d6c504b01021400140008080800dc7cd958526681db210100005e0200001400000000000000000000000000b1040000786c2f736861726564537472696e67732e786d6c504b01021400140008080800dc7cd95879df0a0080010000da0300000d0000000000000000000000000014060000786c2f7374796c65732e786d6c504b01021400140008080800dc7cd958b3cdf9fbdf000000620100000f00000000000000000000000000cf070000786c2f776f726b626f6f6b2e786d6c504b01021400140008080800dc7cd95867eba2a8d5000000340200001a00000000000000000000000000eb080000786c2f5f72656c732f776f726b626f6f6b2e786d6c2e72656c73504b01021400140008080800dc7cd9580b55f657f0010000700500001800000000000000000000000000080a0000786c2f776f726b7368656574732f7368656574312e786d6c504b050600000000090009003f0200003e0c00000000, '2024-06-25 15:38:56'),
(16, 0x504b0304140008080800117dd958000000000000000000000000130000005b436f6e74656e745f54797065735d2e786d6cb553cb6ec23010fc95c8d72a36f450551581431fc716a9f4035c7b9358f825afa1f0f75d07389452890a71f26366676657f664b671b65a4342137cc3c67cc42af02a68e3bb867d2c5eea7b5661965e4b1b3c346c0bc866d3c9621b012baaf5d8b03ee7f82004aa1e9c441e227842da909ccc744c9d88522d6507e27634ba132af80c3ed7b968b0e9e4095ab9b2b97adcdd17e986c918ad5132532cb1f6fa48b4de0bf20476e0606f22de108155cf1b52d9b54328327186c371613953dd1b0d26190dff8a16dad628d041ad1c957028aa1a741d13115336b0cf399729bf4a478282c87342519034bfc4fb301615129c65588817391e758b3181d4d803646739f632817ecf895ed3ef101b2b7e10ae98236fed892994000372cd09d0ca9d34fe94fb5748cbcf1096d7f32f0ec3fe2ffb0144312ce3430e317cefe937504b0708912c28bc3b0100001d040000504b0304140008080800117dd9580000000000000000000000000b0000005f72656c732f2e72656c73ad92c14a033110865f25ccbd9b6d051169da8b08bd89d4071893d9ddb09b4c4846ddbebdc18bb66c41c1e33033dfff31c9763f8749bd532e9ea38175d382a268d9f9d81b78393eaeee4015c1e870e248064e5460bfdb3ed3845257cae0535195118b814124dd6b5dec40014bc38962ed749c034a2d73af13da117bd29bb6bdd5f92703ce99eae00ce4835b833a62ee490ccc93fee03cbe328f4dc5d6c629d16f42b9ebbca507b66f81a22c645f4c805e76d97cbb38b64f99eb26a6f4df32340b45476e956a0265f1f5e2578c6e168c2c67fa9bd2f547d181041d0a7e512f84f4d91fd87d02504b07086e32084be50000004a020000504b0304140008080800117dd95800000000000000000000000010000000646f6350726f70732f6170702e786d6c4d8ec10ac2301044ef82ff10726fb77a109134a52082277bd00f08e9d6069a4d4856e9e79b937a9c19e6f154b7fa45bc316517a895bbba9102c986d1d1b3958ffba53aca4e6f376a4821626287599407e556ceccf10490ed8cdee4bacc549629246fb8c4f484304dcee239d8974762d837cd017065a411c72a7e8152ab3ec6c559c34542f7d114a4186e5705ffbd829f83fe00504b0708366e832193000000b8000000504b0304140008080800117dd95800000000000000000000000011000000646f6350726f70732f636f72652e786d6c6d905d4bc3301486ff4ac97d7bd2760e096d8728034171e0c4e15d488e6db1f9208976fbf7a6755650ef92bccf793879abcd510dc9073adf1b5d933ca324412d8cec755b93a7fd36bd24890f5c4b3e188d3539a1279ba6129609e370e78c45177af449f468cf84ad49178265005e74a8b8cf22a163f86a9ce2215e5d0b968b37de221494ae4161e092070e9330b58b919c95522c4afbee86592005e0800a75f0906739fcb0019df2ff0eccc9421e7dbf50e3386663397371a31c0ef7778ff3f269afa7bf0b244d755633e19007944914b070b2b192efe4b9bcbed96f4953d06295d2755a5cec0bca569495e54b05bfe627e1d7d9b8e62a16d261b27bb89db8e5b9823f35379f504b07089e68affa06010000b1010000504b0304140008080800117dd95800000000000000000000000014000000786c2f736861726564537472696e67732e786d6c7d92414e03211486f726de81b077a0d5d6b69999c6d476614ce3a21e80c27306033c04a6e9d21bb9f008dec493388d8b264374c9f7fdfcbc97502e8fd6900384a8d1557454704ac04954da35157dde6dae6674595f5e94312622b173a90fcd28e99c7eeb6075067d8d8b156d53f20bc6a26cc18a58a007d79b170c56a4fe181a167d00a1620b90ac6163cea7cc0aed685d465d97a9dea2dd0788254b75c94ee817df7930462bccc44e7b24f7283b0b2ee1d0fe299e023641584136a7d9a4fefa74c3c8561fc0fce3575d8859ef06642b86701d935059f401748c98d53e42ce56a03a238802b23ea620dc2b049dbd32e2f35b3e9f8e27936c1324c21b2db32b3b900e0d36d96c52ef210c21bf5edc70e28beff70f5b645522283843d67f98fa07504b07084df36a63200100005e020000504b0304140008080800117dd9580000000000000000000000000d000000786c2f7374796c65732e786d6cb593cb6e83301045f795fa0f96f78d498a92a80222252a55d749a56e1d6cc0aa1fc87622e8d7d70f5a925516513778e632f7783c866cd30b0ece541ba6640ee7b304022a2b45986c72f871289fd670533c3e64c60e9cee5b4a2d700e6972d85adbbd2064aa960a6c66aaa3d2bda99516d8ba5437c8749a6262bc4970b44892251298495864f2244a610da8d449da1c26101559ade4a4cc61148acc7c8333e64ef1bdb9b24a71a5019384f694e470ed3589058d553bccd951b3c0c382f121ca0b2f844ec73ac1a4d25e447197b01867629cff35b1805128b20e5b4bb52c5d02c6f83074348752491a31a1ee4635c1faeb4de3e1c21116b7f15169e26ee1f2fc512a324e6beb0c9a35ad5fadea907f69ad122e200c374a62ee91bf8e3170d88a72bef757f7595fb1fb1ac43b78277efcc01fff37740d8d61c4c4c4f32f69917d3716f4f5353fa0493f719f61c86f0ed728ce881f5bb30b9f886e8e392ccbddf235d9a6017f619de61fd077f0cb749bacff935fa6ab747583ef9f6e6c68fa4b8b1f504b070879df0a0080010000da030000504b0304140008080800117dd9580000000000000000000000000f000000786c2f776f726b626f6f6b2e786d6c8d90414fc3300c85ef48fc87c87796141082aae984849076e33076f712778dd624551c367e3e69a70e8e9caca7f7f9f9c9cdfadb0fe244895d0c1aaa950241c144ebc241c3e7f6fdee19d6eded4d738ee9b88ff1280a1f58439ff3584bc9a6278fbc8a2385e2743179cc45a683e431115aee89b21fe4bd524fd2a30b7049a8d37f3262d739436fd17c790af9129268c05cda72ef4686f6daec23098b99aa17f5a8a1c3810964db4cceced1997fc1490a34d99d688b7b0d6ae2e41f70eebc4c11d0938657769ccb671c8248b5b31ad2c63e8098994d91d59cb2accae558fb03504b0708b3cdf9fbdf00000062010000504b0304140008080800117dd9580000000000000000000000001a000000786c2f5f72656c732f776f726b626f6f6b2e786d6c2e72656c73ad914d6bc3300c40ff8ad17d71d2c118a36e2f63d06b3f7e80b0953834b18da5b5cbbfafbbc3d640073bf4248cf07b0fb45c7f8d833a51e63e06034d5583a260a3eb4367e0b0ff787a05c582c1e1100319988861bd5a6e6940295fd8f78955610436e045d29bd66c3d8dc8554c14caa68d794429cfdce984f6881de9455dbfe87ccb8039536d9c81bc710da83de68ec4007bcce476924b1a57055c5653a2ff6863dbf696dea3fd1c29c81dbb9ec141df8f59dcc4c834d0e32bbea97fe99f7ff5e7988fec89e45a5e46f3e8921fc13546cfaebdba00504b070867eba2a8d500000034020000504b0304140008080800117dd95800000000000000000000000018000000786c2f776f726b7368656574732f7368656574312e786d6ca594c16edb300c86ef03f60e82ee8b626769bac27691354de3c380a1eb76576c3a112a5baec424eddb8f76d3c0b67c197613a58ffaa91f22a3dbd752b32358a74c15f36032e50caacce4aadac5fcf7d3facb35bf4d3e7f8a4ec63ebb3d00324aa85cccf788f58d102edb4329ddc4d450d149616c299142bb13aeb620f336a9d4229c4eaf442955c593285725548d22b350c47c19dca4211749d4b27f149c5c67cd1ae9ad31cf4d90e631a712516e7f81860c8162b40768b28597be6eabf969590e853c687c34a70da8dd1ee9a5737aea87e44aa24c226b4eccd2091598358b65404231779cb94634898ec934124712cacec4779f08fac49d4f847d62e513b33e71ef135ffbc4da27e67de2c127aefac4c627167d22f589eb0b21c8bd8b85e1c5c2d04bf936b0d0278281cb7723c8c0e6d50832f0f97e041918bd1e41064e3f8c2003ab3723c8c0eb7404590cac149d9f99992a5748fd22f5fb97466a4fe65edaee495bb78bc78306866f35c43c03ad53ba9c7ad24a3424082f07a939cb5f8b7303d55619abf0edfdbb375d7bd032e14b860acadaf0487cec5149edddffa8117435c2aec693b439fcbf40d815987505d24a3ae590c69892a33a62d4cf24aae50e7e48bb5395635b83684af26ab29873561883609b68c6d99ea6da25d050604b7166df274bbb46539f739bc174199ec95f504b07080b55f657f001000070050000504b01021400140008080800117dd958912c28bc3b0100001d0400001300000000000000000000000000000000005b436f6e74656e745f54797065735d2e786d6c504b01021400140008080800117dd9586e32084be50000004a0200000b000000000000000000000000007c0100005f72656c732f2e72656c73504b01021400140008080800117dd958366e832193000000b800000010000000000000000000000000009a020000646f6350726f70732f6170702e786d6c504b01021400140008080800117dd9589e68affa06010000b101000011000000000000000000000000006b030000646f6350726f70732f636f72652e786d6c504b01021400140008080800117dd9584df36a63200100005e0200001400000000000000000000000000b0040000786c2f736861726564537472696e67732e786d6c504b01021400140008080800117dd95879df0a0080010000da0300000d0000000000000000000000000012060000786c2f7374796c65732e786d6c504b01021400140008080800117dd958b3cdf9fbdf000000620100000f00000000000000000000000000cd070000786c2f776f726b626f6f6b2e786d6c504b01021400140008080800117dd95867eba2a8d5000000340200001a00000000000000000000000000e9080000786c2f5f72656c732f776f726b626f6f6b2e786d6c2e72656c73504b01021400140008080800117dd9580b55f657f0010000700500001800000000000000000000000000060a0000786c2f776f726b7368656574732f7368656574312e786d6c504b050600000000090009003f0200003c0c00000000, '2024-06-25 15:40:34');

-- --------------------------------------------------------

--
-- Estructura de tabla para la tabla `estadoasistencia`
--

CREATE TABLE `estadoasistencia` (
  `ID` int NOT NULL,
  `EstadoAsistencia` varchar(30) DEFAULT NULL
) ENGINE=InnoDB DEFAULT CHARSET=utf8mb4 COLLATE=utf8mb4_0900_ai_ci;

--
-- Volcado de datos para la tabla `estadoasistencia`
--

INSERT INTO `estadoasistencia` (`ID`, `EstadoAsistencia`) VALUES
(1, 'Puntual'),
(2, 'InPuntual'),
(3, 'InAsistencia');

-- --------------------------------------------------------

--
-- Estructura de tabla para la tabla `fichas`
--

CREATE TABLE `fichas` (
  `ID` int NOT NULL,
  `IDProgramaFormacion` int DEFAULT NULL,
  `NumeroFicha` int DEFAULT NULL
) ENGINE=InnoDB DEFAULT CHARSET=utf8mb4 COLLATE=utf8mb4_0900_ai_ci;

--
-- Volcado de datos para la tabla `fichas`
--

INSERT INTO `fichas` (`ID`, `IDProgramaFormacion`, `NumeroFicha`) VALUES
(1, 2, 2696521),
(2, 3, 9865421),
(3, 2, 2673126);

-- --------------------------------------------------------

--
-- Estructura de tabla para la tabla `genero`
--

CREATE TABLE `genero` (
  `ID` int NOT NULL,
  `TiposGeneros` varchar(255) DEFAULT NULL
) ENGINE=InnoDB DEFAULT CHARSET=utf8mb4 COLLATE=utf8mb4_0900_ai_ci;

--
-- Volcado de datos para la tabla `genero`
--

INSERT INTO `genero` (`ID`, `TiposGeneros`) VALUES
(1, 'Hombre'),
(2, 'Mujer'),
(3, 'Otro...');

-- --------------------------------------------------------

--
-- Estructura de tabla para la tabla `jornadaformacion`
--

CREATE TABLE `jornadaformacion` (
  `ID` int NOT NULL,
  `JornadasFormacion` varchar(255) DEFAULT NULL
) ENGINE=InnoDB DEFAULT CHARSET=utf8mb4 COLLATE=utf8mb4_0900_ai_ci;

--
-- Volcado de datos para la tabla `jornadaformacion`
--

INSERT INTO `jornadaformacion` (`ID`, `JornadasFormacion`) VALUES
(1, 'No Aplica'),
(2, 'Mañana'),
(3, 'Tarde'),
(4, 'Noche');

-- --------------------------------------------------------

--
-- Estructura de tabla para la tabla `nivelformacion`
--

CREATE TABLE `nivelformacion` (
  `ID` int NOT NULL,
  `NivelFormacion` varchar(255) DEFAULT NULL
) ENGINE=InnoDB DEFAULT CHARSET=utf8mb4 COLLATE=utf8mb4_0900_ai_ci;

--
-- Volcado de datos para la tabla `nivelformacion`
--

INSERT INTO `nivelformacion` (`ID`, `NivelFormacion`) VALUES
(1, 'No Aplica'),
(2, 'Curso'),
(3, 'Tenico'),
(4, 'Tecnologo');

-- --------------------------------------------------------

--
-- Estructura de tabla para la tabla `perfilusuario`
--

CREATE TABLE `perfilusuario` (
  `ID` bigint NOT NULL DEFAULT '0',
  `IDUsuario` int DEFAULT NULL,
  `Documento` bigint DEFAULT NULL,
  `IDTipoDocumento` int DEFAULT NULL,
  `Nombres` varchar(30) DEFAULT NULL,
  `Apellidos` varchar(30) DEFAULT NULL,
  `IDGenero` int DEFAULT NULL,
  `Telefono` varchar(50) DEFAULT NULL,
  `IDProgramaFormacion` int DEFAULT NULL,
  `NumeroFicha` int DEFAULT NULL,
  `IDJornadaFormacion` int DEFAULT NULL,
  `IDNivelFormacion` int DEFAULT NULL,
  `Area` varchar(30) DEFAULT NULL,
  `IDSede` int DEFAULT NULL,
  `Correo` varchar(250) CHARACTER SET utf8mb4 COLLATE utf8mb4_0900_ai_ci DEFAULT NULL,
  `IDRol` int DEFAULT NULL
) ENGINE=InnoDB DEFAULT CHARSET=utf8mb4 COLLATE=utf8mb4_0900_ai_ci;

--
-- Volcado de datos para la tabla `perfilusuario`
--

INSERT INTO `perfilusuario` (`ID`, `IDUsuario`, `Documento`, `IDTipoDocumento`, `Nombres`, `Apellidos`, `IDGenero`, `Telefono`, `IDProgramaFormacion`, `NumeroFicha`, `IDJornadaFormacion`, `IDNivelFormacion`, `Area`, `IDSede`, `Correo`, `IDRol`) VALUES
(161321, 50, 1234567890, 2, 'Juan', 'Pablo', 1, '316821554', 1, 0, 1, 1, 'Soft', 2, 'ejemplo@gmail.com', 3),
(546456, 1, 1097096255, 4, 'Jeisson', 'Leon', 1, '3168215', 1, NULL, 1, 4, 'Desarrollo de software', 2, 'jeissonfernandoleonavila@gmail.com', 3),
(748512, 61, 1095906420, 2, 'William Felipe', 'Ojeda Ortiz', 1, '3028645315', 2, 2696521, 2, 4, 'NoAplica', 2, 'ojedawilliam240@gmail.com', 4),
(987654, 58, 987321654, 3, 'pablo', 'alfonso', 1, '9659685412', 2, 9865432, 4, 4, 'NoAplica', 3, 'oij@gmail.com', 4),
(4568945, 60, 4073477, 6, 'Victor Manuel', 'Bonilla Gutierrez', 1, '3186807760', 2, 2696521, 2, 4, 'NoAplica', 2, 'lossg2234@gmail.com', 4),
(48546784, 59, 120120120, 1, 'Rafael robles', 'Urdaneta raes', 3, '4895513120', 1, 2696521, 3, 4, 'NoAplica', 2, 'fdhjis@tetoides.com', 4),
(65465654, 57, 987654321, 4, 'juan', 'alfonso', 1, '3215665321', 3, 98765321, 4, 4, 'NoAplica', 3, 'asl@gmail.com', 4);

-- --------------------------------------------------------

--
-- Estructura de tabla para la tabla `programaformacion`
--

CREATE TABLE `programaformacion` (
  `ID` int NOT NULL,
  `ProgramaFormacion` varchar(255) DEFAULT NULL
) ENGINE=InnoDB DEFAULT CHARSET=utf8mb4 COLLATE=utf8mb4_0900_ai_ci;

--
-- Volcado de datos para la tabla `programaformacion`
--

INSERT INTO `programaformacion` (`ID`, `ProgramaFormacion`) VALUES
(1, 'No aplica'),
(2, 'ADSO'),
(3, 'Electricidad');

-- --------------------------------------------------------

--
-- Estructura de tabla para la tabla `registroasistencias`
--

CREATE TABLE `registroasistencias` (
  `ID` int NOT NULL,
  `Instructor` varchar(250) NOT NULL,
  `Competencia` varchar(250) NOT NULL,
  `Ambiente` varchar(250) NOT NULL,
  `Ficha` int NOT NULL,
  `IDProgramaFormacion` int NOT NULL,
  `Fecha` datetime NOT NULL DEFAULT CURRENT_TIMESTAMP,
  `IDArchivo` int NOT NULL
) ENGINE=InnoDB DEFAULT CHARSET=utf8mb4 COLLATE=utf8mb4_0900_ai_ci;

--
-- Volcado de datos para la tabla `registroasistencias`
--

INSERT INTO `registroasistencias` (`ID`, `Instructor`, `Competencia`, `Ambiente`, `Ficha`, `IDProgramaFormacion`, `Fecha`, `IDArchivo`) VALUES
(1, 'Jeisson', 'algoritmia', 'fabrica', 2696521, 2, '2024-06-11 16:29:57', 3),
(2, 'Jeisson', 'algoritmia', 'desarrollo de software', 2673126, 2, '2024-06-11 17:08:47', 4),
(3, 'Jeisson', 'Ciber Seguridad', 'Telecomunicaciones', 2696521, 2, '2024-06-11 17:38:04', 5),
(4, 'Jeisson', 'algoritmia', 'fabrica', 2696521, 2, '2024-06-11 20:07:12', 6),
(5, 'juan', 'ciber seguridad', 'Teleco', 9865432, 1, '2024-06-11 20:14:55', 7),
(6, 'juan', 'algo', 'fabrica', 2696521, 2, '2024-06-14 06:56:02', 8),
(7, 'Jeisson', 'vjh', 'khj', 789456, 2, '2024-06-14 07:21:32', 9),
(8, 'Jeisson', 'asd', 'asd', 98765432, 2, '2024-06-18 07:21:51', 10),
(9, 'Jeisson', 'gdgdf', 'gdfgfd', 7845123, 2, '2024-06-25 07:30:54', 11),
(10, 'Jeisson', 'qwe', 'asd', 3456778, 2, '2024-06-25 09:30:04', 12),
(11, 'Jeisson', 'algo', '3', 3, 2, '2024-06-25 15:35:17', 13),
(12, 'Jeisson', 'ciber', 'Electricidad industrial', 9865421, 3, '2024-06-25 15:40:34', 16);

-- --------------------------------------------------------

--
-- Estructura de tabla para la tabla `rol`
--

CREATE TABLE `rol` (
  `ID` int NOT NULL,
  `TipoRol` varchar(255) DEFAULT NULL
) ENGINE=InnoDB DEFAULT CHARSET=utf8mb4 COLLATE=utf8mb4_0900_ai_ci;

--
-- Volcado de datos para la tabla `rol`
--

INSERT INTO `rol` (`ID`, `TipoRol`) VALUES
(1, 'Bienestar'),
(3, 'Instructor'),
(4, 'Aprendiz');

-- --------------------------------------------------------

--
-- Estructura de tabla para la tabla `sede`
--

CREATE TABLE `sede` (
  `ID` int NOT NULL,
  `CentroFormacion` varchar(255) DEFAULT NULL
) ENGINE=InnoDB DEFAULT CHARSET=utf8mb4 COLLATE=utf8mb4_0900_ai_ci;

--
-- Volcado de datos para la tabla `sede`
--

INSERT INTO `sede` (`ID`, `CentroFormacion`) VALUES
(1, 'Centro de Servicios Empresariales y Turísticos'),
(2, 'Centro Industrial de Mantenimiento Integral'),
(3, 'Centro Industrial del Diseño y la Manufactura'),
(4, 'Centro de Formación SENA Floridablanca');

-- --------------------------------------------------------

--
-- Estructura de tabla para la tabla `tipodocumento`
--

CREATE TABLE `tipodocumento` (
  `ID` int NOT NULL,
  `TipoDocumento` varchar(255) DEFAULT NULL
) ENGINE=InnoDB DEFAULT CHARSET=utf8mb4 COLLATE=utf8mb4_0900_ai_ci;

--
-- Volcado de datos para la tabla `tipodocumento`
--

INSERT INTO `tipodocumento` (`ID`, `TipoDocumento`) VALUES
(1, 'Tarjeta de identidad'),
(2, 'Cedula de Ciudadania'),
(3, 'Tarjeta de Extranjeria'),
(4, 'Cedula de Extranjeria'),
(5, 'Pasaporte'),
(6, 'Permiso por Protección Temporal');

-- --------------------------------------------------------

--
-- Estructura de tabla para la tabla `usuario`
--

CREATE TABLE `usuario` (
  `ID` int NOT NULL,
  `Usuario` varchar(255) DEFAULT NULL,
  `Contraseña` varchar(255) DEFAULT NULL
) ENGINE=InnoDB DEFAULT CHARSET=utf8mb4 COLLATE=utf8mb4_0900_ai_ci;

--
-- Volcado de datos para la tabla `usuario`
--

INSERT INTO `usuario` (`ID`, `Usuario`, `Contraseña`) VALUES
(1, '12345', '12345'),
(50, '0954', '0954'),
(57, '1309', '1309'),
(58, '0954', '0954'),
(59, 'UWU728*', '123123123'),
(60, 'ikatronix', '7777777'),
(61, 'XxPussyDestroyerxX', 'contrasenaekisde123');

--
-- Índices para tablas volcadas
--

--
-- Indices de la tabla `actividad`
--
ALTER TABLE `actividad`
  ADD PRIMARY KEY (`ID`);

--
-- Indices de la tabla `ambientes`
--
ALTER TABLE `ambientes`
  ADD PRIMARY KEY (`ID`);

--
-- Indices de la tabla `asistencia`
--
ALTER TABLE `asistencia`
  ADD PRIMARY KEY (`ID`);

--
-- Indices de la tabla `estadoasistencia`
--
ALTER TABLE `estadoasistencia`
  ADD PRIMARY KEY (`ID`);

--
-- Indices de la tabla `fichas`
--
ALTER TABLE `fichas`
  ADD PRIMARY KEY (`ID`),
  ADD KEY `IDProgramaFormacion` (`IDProgramaFormacion`);

--
-- Indices de la tabla `genero`
--
ALTER TABLE `genero`
  ADD PRIMARY KEY (`ID`);

--
-- Indices de la tabla `jornadaformacion`
--
ALTER TABLE `jornadaformacion`
  ADD PRIMARY KEY (`ID`);

--
-- Indices de la tabla `nivelformacion`
--
ALTER TABLE `nivelformacion`
  ADD PRIMARY KEY (`ID`);

--
-- Indices de la tabla `perfilusuario`
--
ALTER TABLE `perfilusuario`
  ADD PRIMARY KEY (`ID`),
  ADD KEY `IDUsuario` (`IDUsuario`),
  ADD KEY `IDTipoDocumento` (`IDTipoDocumento`),
  ADD KEY `IDGenero` (`IDGenero`),
  ADD KEY `IDProgramaFormacion` (`IDProgramaFormacion`),
  ADD KEY `IDJornadaFormacion` (`IDJornadaFormacion`),
  ADD KEY `IDNivelFormacion` (`IDNivelFormacion`),
  ADD KEY `IDSede` (`IDSede`),
  ADD KEY `IDRol` (`IDRol`);

--
-- Indices de la tabla `programaformacion`
--
ALTER TABLE `programaformacion`
  ADD PRIMARY KEY (`ID`);

--
-- Indices de la tabla `registroasistencias`
--
ALTER TABLE `registroasistencias`
  ADD PRIMARY KEY (`ID`);

--
-- Indices de la tabla `rol`
--
ALTER TABLE `rol`
  ADD PRIMARY KEY (`ID`);

--
-- Indices de la tabla `sede`
--
ALTER TABLE `sede`
  ADD PRIMARY KEY (`ID`);

--
-- Indices de la tabla `tipodocumento`
--
ALTER TABLE `tipodocumento`
  ADD PRIMARY KEY (`ID`);

--
-- Indices de la tabla `usuario`
--
ALTER TABLE `usuario`
  ADD PRIMARY KEY (`ID`);

--
-- AUTO_INCREMENT de las tablas volcadas
--

--
-- AUTO_INCREMENT de la tabla `actividad`
--
ALTER TABLE `actividad`
  MODIFY `ID` int NOT NULL AUTO_INCREMENT;

--
-- AUTO_INCREMENT de la tabla `ambientes`
--
ALTER TABLE `ambientes`
  MODIFY `ID` int NOT NULL AUTO_INCREMENT, AUTO_INCREMENT=5;

--
-- AUTO_INCREMENT de la tabla `asistencia`
--
ALTER TABLE `asistencia`
  MODIFY `ID` int NOT NULL AUTO_INCREMENT, AUTO_INCREMENT=17;

--
-- AUTO_INCREMENT de la tabla `estadoasistencia`
--
ALTER TABLE `estadoasistencia`
  MODIFY `ID` int NOT NULL AUTO_INCREMENT, AUTO_INCREMENT=4;

--
-- AUTO_INCREMENT de la tabla `fichas`
--
ALTER TABLE `fichas`
  MODIFY `ID` int NOT NULL AUTO_INCREMENT, AUTO_INCREMENT=4;

--
-- AUTO_INCREMENT de la tabla `genero`
--
ALTER TABLE `genero`
  MODIFY `ID` int NOT NULL AUTO_INCREMENT, AUTO_INCREMENT=4;

--
-- AUTO_INCREMENT de la tabla `jornadaformacion`
--
ALTER TABLE `jornadaformacion`
  MODIFY `ID` int NOT NULL AUTO_INCREMENT, AUTO_INCREMENT=5;

--
-- AUTO_INCREMENT de la tabla `nivelformacion`
--
ALTER TABLE `nivelformacion`
  MODIFY `ID` int NOT NULL AUTO_INCREMENT, AUTO_INCREMENT=5;

--
-- AUTO_INCREMENT de la tabla `programaformacion`
--
ALTER TABLE `programaformacion`
  MODIFY `ID` int NOT NULL AUTO_INCREMENT, AUTO_INCREMENT=4;

--
-- AUTO_INCREMENT de la tabla `registroasistencias`
--
ALTER TABLE `registroasistencias`
  MODIFY `ID` int NOT NULL AUTO_INCREMENT, AUTO_INCREMENT=13;

--
-- AUTO_INCREMENT de la tabla `rol`
--
ALTER TABLE `rol`
  MODIFY `ID` int NOT NULL AUTO_INCREMENT, AUTO_INCREMENT=5;

--
-- AUTO_INCREMENT de la tabla `sede`
--
ALTER TABLE `sede`
  MODIFY `ID` int NOT NULL AUTO_INCREMENT, AUTO_INCREMENT=5;

--
-- AUTO_INCREMENT de la tabla `tipodocumento`
--
ALTER TABLE `tipodocumento`
  MODIFY `ID` int NOT NULL AUTO_INCREMENT, AUTO_INCREMENT=7;

--
-- AUTO_INCREMENT de la tabla `usuario`
--
ALTER TABLE `usuario`
  MODIFY `ID` int NOT NULL AUTO_INCREMENT, AUTO_INCREMENT=62;

--
-- Restricciones para tablas volcadas
--

--
-- Filtros para la tabla `fichas`
--
ALTER TABLE `fichas`
  ADD CONSTRAINT `fichas_ibfk_1` FOREIGN KEY (`IDProgramaFormacion`) REFERENCES `programaformacion` (`ID`);

--
-- Filtros para la tabla `perfilusuario`
--
ALTER TABLE `perfilusuario`
  ADD CONSTRAINT `perfilusuario_ibfk_1` FOREIGN KEY (`IDUsuario`) REFERENCES `usuario` (`ID`),
  ADD CONSTRAINT `perfilusuario_ibfk_2` FOREIGN KEY (`IDTipoDocumento`) REFERENCES `tipodocumento` (`ID`),
  ADD CONSTRAINT `perfilusuario_ibfk_3` FOREIGN KEY (`IDGenero`) REFERENCES `genero` (`ID`),
  ADD CONSTRAINT `perfilusuario_ibfk_4` FOREIGN KEY (`IDProgramaFormacion`) REFERENCES `programaformacion` (`ID`),
  ADD CONSTRAINT `perfilusuario_ibfk_5` FOREIGN KEY (`IDJornadaFormacion`) REFERENCES `jornadaformacion` (`ID`),
  ADD CONSTRAINT `perfilusuario_ibfk_6` FOREIGN KEY (`IDNivelFormacion`) REFERENCES `nivelformacion` (`ID`),
  ADD CONSTRAINT `perfilusuario_ibfk_7` FOREIGN KEY (`IDSede`) REFERENCES `sede` (`ID`),
  ADD CONSTRAINT `perfilusuario_ibfk_8` FOREIGN KEY (`IDRol`) REFERENCES `rol` (`ID`);
COMMIT;

/*!40101 SET CHARACTER_SET_CLIENT=@OLD_CHARACTER_SET_CLIENT */;
/*!40101 SET CHARACTER_SET_RESULTS=@OLD_CHARACTER_SET_RESULTS */;
/*!40101 SET COLLATION_CONNECTION=@OLD_COLLATION_CONNECTION */;
